index,chapter,dim0,dim1,book
0,1,0.4160949354351672,0.07748872944908627,Genesis
1,2,0.314419707511496,0.021048029105521098,Genesis
2,3,0.14550362649569995,-0.0375836220143332,Genesis
3,4,0.11693351083585443,-0.03970027141183702,Genesis
4,5,0.2601349611001574,0.03973788323076725,Genesis
5,6,0.5574098293906052,0.14563662956026852,Genesis
6,7,0.6620790413540606,0.19561146711552643,Genesis
7,8,0.5901366639705555,0.17568113160360802,Genesis
8,9,0.4842332450632642,0.14381154354938458,Genesis
9,10,0.24192823455050888,0.03405086241338943,Genesis
10,11,0.21305117561768866,0.016719046746729655,Genesis
11,12,0.015231003621263922,0.06660943777637628,Genesis
12,13,0.1320459789471252,0.03021487576907868,Genesis
13,14,0.14882922111919822,-0.0004337467695322234,Genesis
14,15,0.11293418532262049,0.0008017341793903195,Genesis
15,16,0.09270217207502231,-0.11135569048670355,Genesis
16,17,0.15342550345147446,-0.17596705690579106,Genesis
17,18,0.011549446098659258,-0.1564879077180426,Genesis
18,19,0.030102642197084382,0.01379544179928369,Genesis
19,20,-0.044241979289629384,-0.22049366162883532,Genesis
20,21,-0.001043630194802122,-0.3164430364794394,Genesis
21,22,-0.01801784588706603,-0.28245090219115443,Genesis
22,23,-0.03297157627764996,-0.1458291900352043,Genesis
23,24,-0.07402132465560843,-0.20308110763578024,Genesis
24,25,-0.07901792990373163,-0.3490216871860281,Genesis
25,26,-0.059930501042667596,-0.23519956872760012,Genesis
26,27,-0.21598849856888055,-0.23299332946199014,Genesis
27,28,-0.14461325055433027,-0.3008071342851817,Genesis
28,29,-0.18793571191778954,-0.27828372844657173,Genesis
29,30,-0.20932926602006588,-0.27935207465679135,Genesis
30,31,-0.21345962079510356,-0.21879066360781738,Genesis
31,32,-0.19796220855209457,-0.23012704270466885,Genesis
32,33,-0.19419238849740253,-0.16108403650394373,Genesis
33,34,-0.08109472385260426,-0.11087415903512413,Genesis
34,35,-0.1483003264529386,-0.22359269525529774,Genesis
35,36,0.04570287128505899,-0.16843956583728809,Genesis
36,37,-0.26503533457582584,0.27576100119288494,Genesis
37,38,-0.04084757285095394,-0.06600612634093214,Genesis
38,39,-0.12985530784304455,0.23109961456545502,Genesis
39,40,-0.14174301529495767,0.38816822716625915,Genesis
40,41,-0.12037173679682012,0.41802316065913375,Genesis
41,42,-0.2802046839070319,0.33377134839698974,Genesis
42,43,-0.24693186006985096,0.2512103316486196,Genesis
43,44,-0.18910121246554146,0.16888808122899662,Genesis
44,45,-0.3155190961663827,0.440296148666722,Genesis
45,46,-0.21016161308564732,0.0952264580893711,Genesis
46,47,-0.2995073245480103,0.43246124075899567,Genesis
47,48,-0.20317064981824853,0.1663043686773764,Genesis
48,49,-0.07642575645226991,-0.005906332174867828,Genesis
49,50,-0.3234520091056152,0.38788754415154036,Genesis
0,1,-0.1215714533216073,0.01116079943656815,Exodus
1,2,-0.18015661938268052,0.00949298178081832,Exodus
2,3,-0.2916899728396006,-0.09167880288889824,Exodus
3,4,-0.28750122389367283,-0.1627331190632611,Exodus
4,5,-0.22687710200050507,-0.032150359451440666,Exodus
5,6,-0.18138707263578394,-0.09834365643545841,Exodus
6,7,-0.24529722737539,-0.1515768137362692,Exodus
7,8,-0.3008891148528149,-0.15122617031263985,Exodus
8,9,-0.26562790818441,-0.031429241589348816,Exodus
9,10,-0.3575797837242955,-0.09447530857482556,Exodus
10,11,-0.3018763277207179,-0.03715139880459232,Exodus
11,12,-0.18775935920172498,0.11227263105533761,Exodus
12,13,-0.23612160951401873,0.13953186277455631,Exodus
13,14,-0.21736497767799037,-0.13470224431802807,Exodus
14,15,-0.14923863418226885,-0.09129458592987509,Exodus
15,16,-0.20262119376731585,-0.08415739557162692,Exodus
16,17,-0.17824291074008602,-0.14537301037973605,Exodus
17,18,-0.17543183557383768,-0.04182436287589957,Exodus
18,19,-0.2309889962454919,-0.14624271351893173,Exodus
19,20,-0.1539922619852122,0.21163292925549207,Exodus
20,21,0.011784757272876478,0.7504238802113677,Exodus
21,22,0.026698313211273784,0.7660772161581203,Exodus
22,23,-0.14919769599102908,0.4393690836635452,Exodus
23,24,-0.2120508696899207,-0.20271966528694105,Exodus
24,25,0.5158188767877451,-0.057183245683420966,Exodus
25,26,0.5973833045565042,-0.048942430394347994,Exodus
26,27,0.569151811499548,0.007727836927285419,Exodus
27,28,0.38763254481685844,-0.07848839925128026,Exodus
28,29,0.15220457354210917,0.14746102882194548,Exodus
29,30,0.29808937081321324,-0.007338859204389278,Exodus
30,31,0.1804398882428979,-0.051066827134568664,Exodus
31,32,-0.2533394023732655,-0.09614536777720596,Exodus
32,33,-0.1666287234465053,-0.0879953873325774,Exodus
33,34,-0.2208642310995936,0.06660065756275627,Exodus
34,35,0.3622205707575908,-0.14627045809191322,Exodus
35,36,0.5431322140479782,-0.07885003584460556,Exodus
36,37,0.5559318328459872,-0.0542323614330299,Exodus
37,38,0.5813625887024537,-0.005884114939372689,Exodus
38,39,0.4669171132555908,-0.1716260798484515,Exodus
39,40,0.24552874706711203,-0.08064849197485713,Exodus
0,1,-0.493376617868564,-0.004984461921260404,3
1,2,-0.3039133420898491,-0.0016959812929770027,3
2,3,-0.4570982399164614,-0.07631064256945745,3
3,4,-0.4488925324687009,0.014096609369821324,3
4,5,-0.10441732133725777,0.1994948557974789,3
5,6,-0.36284621187929494,0.010984523356397663,3
6,7,-0.31982765942654917,-0.057863525531821,3
7,8,-0.35584970768020335,-0.10585284654770638,3
8,9,-0.5132322815320141,-0.10640605187932284,3
9,10,-0.1566444198350449,-0.21293715451539344,3
10,11,0.4073213479352614,0.3085561286809877,3
11,12,0.044381267029669755,0.34105498168600373,3
12,13,0.1912872710724159,0.5558651268083729,3
13,14,-0.06826812026170678,0.37859352878275043,3
14,15,0.3094065414880577,0.5067454581898113,3
15,16,-0.1543566288365872,-0.03375519139299682,3
16,17,0.019840027296890484,-0.07432456801886585,3
17,18,0.5262627319672014,-0.30771110323229983,3
18,19,0.2874429217538396,-0.28374427345550596,3
19,20,0.4190249126290034,-0.30920260292765384,3
20,21,0.2926539649466851,-0.21491774037080374,3
21,22,0.16717103541848255,-0.09130406535242638,3
22,23,0.02518177671308499,-0.045327304089765735,3
23,24,0.07874035398896387,-0.21621038103978502,3
24,25,0.41147389148360164,-0.09909588638723192,3
25,26,0.2885905133841024,-0.14001714032774704,3
26,27,0.26994452602497276,0.06626970818139692,3
0,1,-0.11215210337320905,0.6274349981583682,4
1,2,-0.13060641403589468,0.5088881027050057,4
2,3,-0.04238295983054073,0.4489993771203957,4
3,4,-0.01194306533879057,0.43295169703218495,4
4,5,0.16950219663968116,-0.17242721854302936,4
5,6,0.4911166400151038,-0.11098494813222887,4
6,7,0.5434478981063392,0.1462121471566136,4
7,8,0.14986364830805532,0.11618211816117996,4
8,9,-0.014511990963671766,-0.11448163696400232,4
9,10,-0.1573723375921958,0.03235319871111657,4
10,11,-0.1517224307778563,-0.23907432280688706,4
11,12,-0.11649785934907211,-0.2102430763754548,4
12,13,-0.3018813947597092,0.05303207295688109,4
13,14,-0.2839243530187888,-0.27750012042152955,4
14,15,0.4988728770918984,-0.14914256603050968,4
15,16,-0.14595505407167544,-0.13676331656982,4
16,17,-0.10806757798006886,-0.009816185278896668,4
17,18,0.24518211950068527,0.09376798663146951,4
18,19,0.1098029189155671,-0.11712024667620398,4
19,20,-0.2697861828115615,-0.2413480237917107,4
20,21,-0.26674867806989777,-0.23812245790709977,4
21,22,-0.1334672803333323,-0.379812050441442,4
22,23,0.06397897643859476,-0.34195191583369383,4
23,24,-0.11780489605416387,-0.3342410806518119,4
24,25,-0.1382272683426927,-0.07711335346409019,4
25,26,-0.1076269545729792,0.5038248312736009,4
26,27,-0.2292448072800745,-0.0798716603320526,4
27,28,0.7692961558602716,-0.04177364878453608,4
28,29,0.7672867000507807,-0.011770262665224468,4
29,30,0.03498937684765541,-0.052007410995095024,4
30,31,-0.019319186387406945,0.12946520075223253,4
31,32,-0.27185702702528275,-0.062140078319142526,4
32,33,-0.20101093175738408,-0.12493730876632915,4
33,34,-0.23101242095857505,0.217970491789066,4
34,35,-0.08921401465675381,-0.061793024919465964,4
35,36,-0.19100231843305376,0.27335369222214023,4
0,1,-0.24537545723672355,0.20860609462880783,5
1,2,-0.19367292986125448,0.33595532459139343,5
2,3,-0.14806846410469607,0.4207817586686929,5
3,4,-0.3030439731822956,0.02279419218589038,5
4,5,-0.1378390706955584,-0.15004633934600137,5
5,6,-0.27178277598679734,-0.20413685361439746,5
6,7,-0.1704529272279892,-0.17117155698756006,5
7,8,-0.16007568979568465,-0.1802111908056349,5
8,9,-0.27265640326277524,0.04885731549843726,5
9,10,-0.1893488348169658,-0.015786190531042504,5
10,11,-0.28630722369289135,-0.07318166811085468,5
11,12,0.01304387627598436,-0.32195314298509037,5
12,13,0.03418139458149092,-0.12063222926200551,5
13,14,0.1635752637182081,-0.24644001408518618,5
14,15,0.1696144807178839,-0.2686470036506424,5
15,16,0.06508547448455275,-0.2852212480568155,5
16,17,0.14465344330543056,-0.056063020356177426,5
17,18,-0.019918480327463087,-0.07849988436863627,5
18,19,0.24005972502738376,0.009463980690700868,5
19,20,0.26075521616412195,0.01599070830427097,5
20,21,0.4451822028965152,0.09624741455843383,5
21,22,0.6141534327624619,0.21685572829788868,5
22,23,0.24096254349836096,-0.20023669309824826,5
23,24,0.40357315503042385,-0.0796427549793897,5
24,25,0.4749333605312708,0.13087761098694387,5
25,26,-0.17821077121374673,-0.1947747114255707,5
26,27,0.12540026594456744,0.17640157811114818,5
27,28,-0.08295993554868224,-0.15959539923587943,5
28,29,-0.2544282314872205,0.09506625446633818,5
29,30,-0.2235057403834205,-0.18351234323567628,5
30,31,-0.1721079198414126,0.23563130327513088,5
31,32,0.004051124798263144,0.19755118212108697,5
32,33,0.018592068677145614,0.25839737416199715,5
33,34,-0.10806219974848927,0.5202744235876468,5
0,1,-0.20784464783562792,-0.24004117824154883,6
1,2,-0.2568162469279554,-0.02336900257070681,6
2,3,-0.2837233918993691,-0.208571427580828,6
3,4,-0.3104355545929691,-0.12004604402545914,6
4,5,-0.22620490650208305,-0.0633791511034615,6
5,6,-0.2579468149694417,-0.07024817819553282,6
6,7,-0.2994982372411481,-0.0264037001619171,6
7,8,-0.2599659548718555,0.2125902927579566,6
8,9,-0.2661121686702607,-0.012331456334741295,6
9,10,-0.21697374889732696,0.5469026009644903,6
10,11,-0.09267976302983179,0.3839170114806515,6
11,12,0.11324951800049411,0.7252637760474108,6
12,13,0.36162776373726835,0.08357599525099389,6
13,14,-0.012136195607777683,-0.17682574853162464,6
14,15,0.5461488601676542,-0.03991909760508726,6
15,16,0.5676237746250822,-0.11489755270581514,6
16,17,0.3512176666480039,-0.09999470141087105,6
17,18,0.4513464063809934,-0.13563968969928464,6
18,19,0.594573389820811,-0.08664762099157663,6
19,20,0.03932759614145192,0.0912363461427246,6
20,21,0.2727502867847342,-0.0012085896968091416,6
21,22,-0.10272416786160064,-0.18970103376019526,6
22,23,-0.2642954628972653,-0.28224497650047026,6
23,24,-0.24050800050198043,-0.152016873528298,6
0,1,-0.040705936872227955,0.11801355642847111,7
1,2,-0.23298720520277136,-0.03432045159617858,7
2,3,-0.3013169478487089,0.02643209465755618,7
3,4,-0.10629952517319516,-0.14768710255107992,7
4,5,-0.08479864893136935,-0.18694294177512158,7
5,6,-0.011194787175763709,-0.30836539360610576,7
6,7,0.0771016090166656,-0.38221377571031984,7
7,8,0.05906365277078248,-0.29867827942341113,7
8,9,0.13684745887076724,-0.00465666011084265,7
9,10,-0.41457350875987803,0.10912858241607765,7
10,11,-0.41231527699630666,0.15356712542487005,7
11,12,-0.27745291608319034,0.15735184344308598,7
12,13,0.14283527902109128,-0.18149784176094655,7
13,14,0.3489435236250651,-0.08447344548256686,7
14,15,0.3925438915104048,-0.1767711274082926,7
15,16,0.41693512920140596,-0.18025531772974013,7
16,17,0.37402168323055013,0.6196983560430379,7
17,18,0.2655846329079018,0.588637787320955,7
18,19,0.17945450586925535,0.08391719349048624,7
19,20,-0.2757652337757448,0.07610602000635236,7
20,21,-0.23592137920473402,0.053009777923713135,7
0,1,-0.31136370278996706,0.6192767505851305,8
1,2,-0.1760391005402038,-0.2752900050031931,8
2,3,-0.22991914329325258,-0.41289144164275027,8
3,4,0.7173219466234234,0.0689046960608129,8
0,1,-0.3082813153289525,0.007787944455406633,9
1,2,-0.3159351865357957,-0.04164427355649251,9
2,3,-0.3805310130970374,-0.16782529418851727,9
3,4,-0.3119279291107883,0.42788684530261234,9
4,5,-0.32906466649935173,0.6259961035699745,9
5,6,-0.31202267867212186,0.503986277932729,9
6,7,-0.41358950737685557,0.13047162095956585,9
7,8,-0.28942472305236233,-0.23956420189385874,9
8,9,-0.14694984280950493,-0.26551410573062045,9
9,10,-0.2248567653505791,-0.24779591271669246,9
10,11,-0.13767432643827823,-0.13643701856606924,9
11,12,-0.3165055696921121,-0.1729061452746004,9
12,13,-0.15248584699299153,-0.09539677442712542,9
13,14,-0.03192657234928197,-0.11721559616558408,9
14,15,-0.2166392052498909,-0.32301576441506735,9
15,16,-0.06721968520528862,-0.23700860265419793,9
16,17,0.30282150845195765,0.07498697111128902,9
17,18,0.505186557217683,-0.021190886842584657,9
18,19,0.3552959383537724,-0.10608858181633349,9
19,20,0.23721176721753362,-0.021847984001854497,9
20,21,0.30881141025494313,0.055414286863203564,9
21,22,0.1982373789965925,-0.08492282704080582,9
22,23,0.3910017311546816,0.029363054769648973,9
23,24,0.29060454155942794,-0.08333382666905143,9
24,25,0.20037649688798995,0.09054938429741882,9
25,26,0.313644047596723,-0.07140009621250883,9
26,27,0.3944097412872504,0.2414056042353775,9
27,28,-0.004699179243466461,-0.1947892371312849,9
28,29,0.15188111320967618,0.2109646146637321,9
29,30,0.34762810112242953,0.16170202439307052,9
30,31,-0.037376320306002415,0.06738239674922007,9
0,1,-0.12043477554450037,0.09498037137969853,10
1,2,-0.23122621672187024,0.5285757805772598,10
2,3,-0.22968032625709223,0.5092486257765853,10
3,4,-0.33609599419158454,0.45056529906651854,10
4,5,-0.16834162173168796,-0.08784150326910288,10
5,6,-0.20494804635361707,-0.2829010210437207,10
6,7,-0.0018604652156240472,-0.2804929576128627,10
7,8,-0.3349956067496252,-0.2683839617255328,10
8,9,0.1403569725912091,0.1271634714860828,10
9,10,-0.2331499351336443,-0.251638960658348,10
10,11,-0.06775441496039596,-0.08495384987631897,10
11,12,-0.136412388559184,-0.17644362697225469,10
12,13,0.30915358687067984,0.039509303879821434,10
13,14,0.4270187763447902,0.030537138128195796,10
14,15,0.4014154532109542,-0.04425545420630401,10
15,16,0.385592512930954,0.03827685748058567,10
16,17,0.30216760433593126,0.009982392668405943,10
17,18,0.3456907743873442,0.06754296855767881,10
18,19,0.35745321351831755,0.014936022309180341,10
19,20,0.07020899139961302,0.08239890425347127,10
20,21,-0.21423894897604778,0.09035489789540074,10
21,22,-0.20152765133791584,-0.3330099264276285,10
22,23,-0.30557802500495096,-0.10761356967702208,10
23,24,0.04718653114794801,-0.1665372019897893,10
0,1,-0.08344129249960133,-0.2345499555861843,11
1,2,-0.17006889305966064,-0.14937658992212852,11
2,3,-0.07511866777988228,-0.016197055172283373,11
3,4,0.2833038077397427,-0.1688768088261666,11
4,5,0.3786234284875654,-0.051411471711120406,11
5,6,0.6423306848973043,0.37796623965770826,11
6,7,0.630023646592725,0.364454018504228,11
7,8,-0.04518749100664092,0.01530832454825139,11
8,9,0.2728123909824698,-0.1741422019248233,11
9,10,0.3352585962946775,-0.11455725781699222,11
10,11,0.017338545011408378,-0.22868547948149198,11
11,12,-0.12847179055703592,-0.1517096255486371,11
12,13,-0.253709139395279,0.1647197943441728,11
13,14,-0.1274764386540497,-0.23557171072794816,11
14,15,-0.0379675784709861,-0.4360705803348214,11
15,16,-0.07207512154020741,-0.3272876627306987,11
16,17,-0.3209438296453521,0.3974304449362305,11
17,18,-0.3316187964363563,0.45779220934845544,11
18,19,-0.32307796467423455,0.364597836780646,11
19,20,-0.2184722747580998,0.008148044960781049,11
20,21,-0.147436218622996,0.27673122229951247,11
21,22,-0.22462560290551106,-0.13871173559668976,11
0,1,0.34016731767616487,-0.02186637378822082,12
1,2,0.46144113092837225,0.01606506561829394,12
2,3,0.1232901973531411,-0.13564235211608483,12
3,4,0.43112347002203083,0.02533471636920405,12
4,5,0.3349510539204883,0.0033754920989021034,12
5,6,0.401571503250793,-0.0566376274837549,12
6,7,0.2838331094236012,0.046129165585308586,12
7,8,0.1081182683105375,-0.2512654071882055,12
8,9,0.34554044281859025,-0.14493294008186278,12
9,10,0.2518380700251599,-0.1524128736152811,12
10,11,-0.1411813129345009,0.027167773485383854,12
11,12,-0.26249403665291127,-0.01249006126280511,12
12,13,-0.04572811925514782,-0.4157092684677251,12
13,14,-0.31883604652574715,-0.3926144162069684,12
14,15,-0.34996092868566997,-0.30663446979524767,12
15,16,-0.2593171644851885,-0.008460495769924716,12
16,17,-0.20206841076150606,0.1028989341196078,12
17,18,-0.18946697475754853,0.41821126481472237,12
18,19,-0.015700700427520652,0.49313190800427287,12
19,20,0.04203971395105438,0.5490772946666478,12
20,21,-0.31294251046183247,-0.06637322238730961,12
21,22,-0.18465172014125072,0.1716492080802476,12
22,23,-0.3028636085894415,-0.015543681309436876,12
23,24,-0.3236488942745362,0.04443342621181512,12
24,25,-0.21505384972713215,0.08310894041842105,12
0,1,-0.31201601654878824,0.011233994999164451,13
1,2,-0.4036308206536546,-0.09100237289613054,13
2,3,-0.4201658034347594,0.0007084453071063628,13
3,4,-0.39598407133735636,-0.12590372702194305,13
4,5,-0.23019336750155925,-0.17996305162418014,13
5,6,-0.32519065246659096,0.016568468752987148,13
6,7,-0.41935903798189955,-0.08588322706278,13
7,8,-0.4273550049102946,-0.09597355167835049,13
8,9,-0.3568091660418198,0.02440910660169995,13
9,10,0.12301306385647996,-0.2984498988138457,13
10,11,0.14364738154721926,-0.2978449873395974,13
11,12,0.11299870571606553,-0.2742829248733535,13
12,13,0.34657872509370447,0.07526489169966398,13
13,14,0.26639994172044346,-0.26941684267235977,13
14,15,0.15631316639013124,0.2603141098124003,13
15,16,0.39436243289250467,0.320732414827186,13
16,17,0.40730595209520426,0.13317134199122824,13
17,18,0.19430092847087663,-0.32876848029790096,13
18,19,0.2331864412990254,-0.42900539457475134,13
19,20,0.15187598725431217,-0.4115057413846014,13
20,21,0.4197259401993877,-0.0226831517431076,13
21,22,0.4725657173461212,0.20540265278367562,13
22,23,-0.1026486405347072,0.4309112355289119,13
23,24,-0.2875970056440067,0.37865252664934473,13
24,25,-0.18313709333817943,0.393263702788153,13
25,26,-0.1916473830549727,0.2549535807892395,13
26,27,-0.1251714991119914,-0.016507696634731936,13
27,28,0.34448076693100427,0.23211338618563668,13
28,29,0.41415041174809886,0.18949118990123606,13
0,1,0.2745820881187024,0.12019343358563593,14
1,2,0.2488734324649264,0.17105474355979552,14
2,3,0.420243093800272,0.4506325331532424,14
3,4,0.39136718903950474,0.4341796727238283,14
4,5,0.4097094596174937,-0.13898614268398418,14
5,6,0.13400495673526647,-0.1778798447432284,14
6,7,0.3107326793757527,-0.2798991647230927,14
7,8,0.3520426432949409,0.02603063474303526,14
8,9,0.3245323452479985,0.3221846734068409,14
9,10,-0.05692970468539785,0.09337678774449419,14
10,11,-0.11695014395095381,0.12085549505657309,14
11,12,-0.11575387119048211,0.11626407547802103,14
12,13,-0.08448996663809029,0.014374614890972625,14
13,14,-0.2813300566803306,0.12319563744839328,14
14,15,-0.15980469321354784,-0.030255746460637247,14
15,16,-0.20372305826391626,0.18965054862589434,14
16,17,-0.2513857855776355,0.1625577552856345,14
17,18,-0.22909328372344828,0.007144409994278348,14
18,19,-0.1706270660963816,-0.15308847089803648,14
19,20,-0.25215904287654456,-0.07857708956760592,14
20,21,-0.29101374755706694,0.1399270210946722,14
21,22,-0.27567696330763475,0.21357023785894158,14
22,23,0.006639930102790432,-0.20685444766321653,14
23,24,-0.06741729262535155,-0.16555266447992453,14
24,25,-0.20064791984891692,0.07421465583139011,14
25,26,-0.07255851677820259,0.16715537305344183,14
26,27,-0.1322054501232661,0.28831411026376674,14
27,28,-0.16780908910810868,-0.09928816739906553,14
28,29,0.17785173309548216,-0.3885920415225692,14
29,30,0.10572257372599189,-0.4291542950336393,14
30,31,0.08190773173912907,-0.27181328728638693,14
31,32,-0.1047614846125411,-0.12500595338157397,14
32,33,-0.04281028542147685,-0.15986791031828146,14
33,34,-0.06927233962531855,-0.2095745205914435,14
34,35,0.16772198295553734,-0.26489044132361667,14
35,36,-0.059512077409176,-0.05559622572254949,14
0,1,-0.2114131866443368,0.2355931347265851,15
1,2,0.6262577102990817,0.7348437304718962,15
2,3,0.15644758169868223,-0.3062178570229424,15
3,4,-0.4262852146426243,0.15629991702868112,15
4,5,-0.5121391954464198,0.09291596783317134,15
5,6,-0.30124387211609854,0.027580955922395758,15
6,7,-0.1107866336249091,-0.06918401419398887,15
7,8,0.2956391597453392,-0.21698814599336996,15
8,9,0.1332878343966172,-0.21143813261335107,15
9,10,0.35023581633466766,-0.4434055561590779,15
0,1,-0.324273360772289,0.1907788596902632,16
1,2,-0.373446871411767,-0.3030609904370713,16
2,3,0.5128345090483888,-0.4040612716969286,16
3,4,-0.29149605535208756,-0.3781581031034825,16
4,5,-0.33907130104498606,-0.052705407198561795,16
5,6,-0.19346529778461813,-0.400924934421183,16
6,7,0.2554468091584539,0.1706101652532086,16
7,8,-0.021613203720196556,0.3539403072121469,16
8,9,-0.3188962593343461,0.24590533290872518,16
9,10,0.15803926077397154,0.4924082886819206,16
10,11,0.6290527377400453,-0.1602108364779474,16
11,12,0.41200047258703393,0.08022716518868159,16
12,13,-0.10511143988760266,0.16525142440022889,16
0,1,0.07419070614482767,0.14589286182133893,17
1,2,-0.1559941821419826,0.04641667559166577,17
2,3,0.14135344136099434,-0.30214358620258125,17
3,4,-0.036365513017200875,-0.05694427339290694,17
4,5,-0.4379489971440833,0.018154649629108746,17
5,6,-0.4054907238203097,0.0968957414704715,17
6,7,-0.4072855900652451,0.004125995307804351,17
7,8,0.22912886592984238,-0.3143319396650456,17
8,9,0.5184173677969468,-0.40931840141519443,17
9,10,0.47999462495621,0.7712522768553394,17
0,1,0.6957400325382591,0.2812833109486555,18
1,2,0.616714241846723,0.3266224742948145,18
2,3,-0.08904168410830586,-0.06398820397391328,18
3,4,0.09026037193915022,-0.12906647691908804,18
4,5,-0.07272158298914085,-0.13284431077534065,18
5,6,-0.287910757988847,0.2556545571312937,18
6,7,-0.1630802600445578,0.10009799424666438,18
7,8,-0.06985526620192783,-0.13347837237742022,18
8,9,-0.21778671304878966,0.19027200944110106,18
9,10,-0.28246629305990995,0.3153514015374038,18
10,11,-0.05750282561123136,0.04970393023437134,18
11,12,0.09797985168009711,-0.24135860852790803,18
12,13,-0.20473814172428953,0.18125897883356276,18
13,14,-0.17043072663884612,-0.046378831172632314,18
14,15,-0.023522285924493888,-0.156547820929312,18
15,16,-0.1597883608279328,0.17099222279014673,18
16,17,-0.1409239337110848,0.020915772038165106,18
17,18,0.0740358519341868,-0.3064064116921849,18
18,19,-0.1405357352936193,0.2940522725150351,18
19,20,-0.06983497547692744,-0.24674287185590224,18
20,21,-0.11293651491418762,-0.03752966527468927,18
21,22,0.031129659714379136,-0.09687482936648421,18
22,23,-0.2708916688917414,0.3209580956170103,18
23,24,-0.03519747130255197,-0.18464690786965002,18
24,25,0.13746906958578584,-0.14712766735431257,18
25,26,0.13795116069269528,-0.24544036608387282,18
26,27,-0.08269109533689877,-0.09046148759388184,18
27,28,0.09811916326074868,-0.23830476088268618,18
28,29,0.017285280214876565,0.1967628115654244,18
29,30,-0.14576119343696578,0.11101412080285468,18
30,31,-0.22781004953193307,0.2875393220106607,18
31,32,0.13276269913741287,0.13708775330993853,18
32,33,-0.05372129478581459,0.06587477605633794,18
33,34,-0.06863135756911352,0.019156932393694603,18
34,35,0.08689940644876201,0.0693966249059797,18
35,36,0.07450606837689507,-0.12659055790811177,18
36,37,0.027710032444843043,-0.2867653274770721,18
37,38,0.14953039037471533,-0.2350403557761157,18
38,39,0.04290745283196458,-0.28104006899116224,18
39,40,-0.011227890114186973,-0.1513451936947726,18
40,41,0.030043269521239955,-0.16441447394432715,18
41,42,0.617964075990563,0.3483982097677251,18
0,1,0.019358749332848795,-0.26676533546658715,19
1,2,0.0698334914686861,0.049902527930355885,19
2,3,-0.19466937393579828,-0.050863323880687726,19
3,4,-0.06037594732939218,0.06201180496108768,19
4,5,-0.20931346736462872,-0.09455522521472884,19
5,6,-0.19448001992451208,-0.08345547597058951,19
6,7,-0.12508529281213562,-0.05471974949012473,19
7,8,0.08573378958923,-0.02867053849128648,19
8,9,0.006049028711785705,0.0032040863331632805,19
9,10,-0.12127073494057308,-0.11227332587334356,19
10,11,-0.019321787056384016,-0.23777725819049453,19
11,12,-0.005554534864795736,-0.09246744673804369,19
12,13,-0.208013126669511,0.0004969339908070598,19
13,14,-0.04356233495268071,0.00869234747020091,19
14,15,0.0910723494990661,-0.18548538630597633,19
15,16,-0.06403674259445861,-0.05371267765854798,19
16,17,-0.25711986150524585,-0.03005538839685521,19
17,18,-0.09762787487773118,-0.08322161366328168,19
18,19,0.019389466322807296,-0.14657230156432066,19
19,20,0.0489366730616562,0.08443293035613327,19
20,21,0.023121898883734133,-0.008231708653958877,19
21,22,-0.13596349637579064,-0.006589231415839373,19
22,23,-0.004427352588161984,-0.14644126652178832,19
23,24,0.14526919777640576,-0.02408950144784751,19
24,25,-0.2013811825561188,-0.1832356055777399,19
25,26,-0.06971435408660409,-0.16099707622913398,19
26,27,-0.2898967319994379,-0.126741475449428,19
27,28,-0.05846447559350306,-0.1684997738473092,19
28,29,0.2780823965243175,-0.17263323096823868,19
29,30,0.039720653711600086,-0.10085771459051114,19
30,31,-0.34388736503283523,-0.13012088130619032,19
31,32,-0.14188060921589704,-0.08398030206475819,19
32,33,0.20017741873328826,-0.15066103018860838,19
33,34,-0.041932171493939116,-0.3085389298905952,19
34,35,-0.2528866584713115,-0.061622577963871425,19
35,36,-0.1277692521534066,-0.1530486777961668,19
36,37,-0.0729117033333796,-0.31224523631182677,19
37,38,-0.3526867392699687,-0.09851209835281359,19
38,39,-0.20514196618219205,-0.04092777583915063,19
39,40,-0.1994954679593825,0.009847394389305568,19
40,41,-0.2748639836562639,-0.17735269862978947,19
41,42,-0.24455486061684237,0.22967320657173748,19
42,43,-0.12937813525766986,0.2856193614534258,19
43,44,-0.016286598916380075,0.3820610662275943,19
44,45,0.05927300242294319,0.09233549357285122,19
45,46,0.1067412296065219,0.25125159550272064,19
46,47,0.24206433217248646,0.38654317823472956,19
47,48,0.06724420919616793,0.16410414975005605,19
48,49,-0.10906532600589823,0.013065970853431561,19
49,50,-0.09361012879192791,0.16311899703589666,19
50,51,-0.20250756208395032,0.08171658438854092,19
51,52,-0.09200992251217742,0.02119181389682875,19
52,53,-0.10921848869342553,0.19681636467209168,19
53,54,-0.178222430802535,0.18625905566160253,19
54,55,-0.3884667758833717,0.02101233419489474,19
55,56,-0.264614715713056,0.1282423172119325,19
56,57,-0.07092539995521466,0.17266760388732622,19
57,58,-0.037707378133918855,-0.03147980551287017,19
58,59,-0.20563782193479568,0.19902151855073358,19
59,60,-0.01530881103974933,0.36441612212995356,19
60,61,-0.1347473731505853,0.18509569060917894,19
61,62,-0.09424637142840175,0.12644023155955414,19
62,63,-0.06627221208358955,0.08783694640035578,19
63,64,-0.1369305448439668,-0.00800489867236962,19
64,65,0.07913792225634209,0.15918776426266854,19
65,66,-0.042504186786975616,0.32987444388731535,19
66,67,0.23519771895700597,0.4351255428432453,19
67,68,0.041779220427142064,0.3358684373311144,19
68,69,-0.23122015890239575,0.06840519255809045,19
69,70,-0.14841403254626973,0.15894746088588524,19
70,71,-0.21076736662240664,0.10969826582931283,19
71,72,0.0941103097300602,0.053330417577189954,19
72,73,-0.2479493605330733,-0.029811979435483832,19
73,74,0.01467530331912359,0.16527239443893127,19
74,75,0.055223220784297145,0.10193648725115396,19
75,76,0.055712394733574526,0.17641253189388995,19
76,77,-0.11159866274356077,0.1579522941490345,19
77,78,0.042057134599114115,0.11832937624997532,19
78,79,0.0935331512606497,0.27035076441871125,19
79,80,0.04065912227024212,0.3614560138062575,19
80,81,-0.0224834594541469,0.16950757844742942,19
81,82,-0.04826922631329503,0.10787551543058196,19
82,83,-0.0040193817493724415,0.18024263790548237,19
83,84,-0.00822747671723485,0.060503361170974296,19
84,85,0.09649653013411719,0.21544535814799934,19
85,86,-0.13128386049463434,-0.04509946741315297,19
86,87,0.043484001528474425,0.02841372710275314,19
87,88,-0.3076811693571569,-0.022957867917648724,19
88,89,0.017310676212587223,-0.0408789564303148,19
89,90,-0.023064499581302154,0.08428884264846657,19
90,91,-0.140509545551598,-0.03730427622879735,19
91,92,-0.02336214212563723,-0.1602038725466182,19
92,93,0.22701650193142497,-0.14840832634964982,19
93,94,-0.06692349590684674,-0.045279669263753666,19
94,95,0.10523288568224105,0.20753671229427775,19
95,96,0.31011570869396815,-0.009445531783064124,19
96,97,0.18414728513640083,-0.12327940024240219,19
97,98,0.2133400621842821,0.038437830416075035,19
98,99,0.24940753388619086,0.03993746511337743,19
99,100,0.3116298238920725,0.0028264964431357386,19
100,101,-0.23199870038283915,-0.19568094022393054,19
101,102,-0.03642023940431441,-0.06785314084673744,19
102,103,0.2361055516744467,-0.15258831480974266,19
103,104,0.12511496948038614,-0.03808894461009763,19
104,105,0.19758784732407683,0.03813202733241529,19
105,106,0.09802517004097908,0.037400950724338876,19
106,107,0.158319539246098,-0.0817093587172225,19
107,108,0.11120257040632903,0.2901259473079172,19
108,109,-0.1922479773978854,-0.013188250026748054,19
109,110,0.13134598459314575,-0.1200849161879804,19
110,111,0.2956738376246803,-0.17654377576340075,19
111,112,0.060967543169194525,-0.2701153778989884,19
112,113,0.341398347819858,-0.13875508346570628,19
113,114,0.0977892170378284,0.050943816701817995,19
114,115,0.2515058340787578,-0.07113419158717704,19
115,116,0.017305735406339968,-0.20084218670815832,19
116,117,0.3967015508768795,0.07145400748381404,19
117,118,0.13283980366676781,-0.1977983067764917,19
118,119,-0.13017875398760323,-0.11050966369870106,19
119,120,-0.05726410024050001,-0.04831261255559347,19
120,121,0.01707687893085296,-0.166586858600559,19
121,122,0.08330638099480756,-0.055384618119166354,19
122,123,0.10202589703394516,0.10996388899968768,19
123,124,0.06280239654326301,0.1136596215391048,19
124,125,0.02540567369240179,-0.2940387899910757,19
125,126,0.14609632776332818,-0.015646593501782394,19
126,127,0.046702549025965934,-0.13632381168615013,19
127,128,0.09739147531074842,-0.15118655255380611,19
128,129,0.06979561966849662,-0.1220058398652248,19
129,130,-0.03804665432205885,-0.10598404045475565,19
130,131,0.0038350361628976992,-0.1324238419806752,19
131,132,0.1419897950160957,0.029877980449004565,19
132,133,0.11449165124140213,-0.08504929524564818,19
133,134,0.3239104438562175,-0.21270428177332956,19
134,135,0.3502198918454945,-0.15120131442766255,19
135,136,0.23815975715378288,-0.020142001001552754,19
136,137,0.10882239967925826,0.1215594723964527,19
137,138,0.11263524693525674,-0.10725967750868379,19
138,139,-0.26983873441602196,0.014695253050710327,19
139,140,-0.13467030522422133,-0.05779511301321536,19
140,141,-0.21592801476427823,-0.052050754009305596,19
141,142,-0.08855614016931214,-0.107303555236023,19
142,143,-0.25888812503490566,-0.0793467648089753,19
143,144,0.02770086620624205,-0.0049967928537745345,19
144,145,0.19983377928656476,-0.1314250993758416,19
145,146,0.19967461577414702,-0.15849264967846496,19
146,147,0.2672149461017607,-0.12390569944443915,19
147,148,0.391848815721313,0.012336204425053286,19
148,149,0.24654522047590316,0.12768979141459189,19
149,150,0.34405767587457353,0.08045539862862168,19
0,1,0.29772184838875665,-0.19611506203180662,20
1,2,0.22280909148649897,-0.42409163835390806,20
2,3,0.29902163978694474,-0.2115721555150664,20
3,4,0.4812863784654437,-0.22304854725757872,20
4,5,0.42314391199992407,-0.08936928523334246,20
5,6,0.2596612758125382,0.06378587945155674,20
6,7,0.4720148997275086,-0.008250324535502904,20
7,8,0.265908368016024,-0.15461484276060564,20
8,9,0.18735732074635703,0.060362819744395724,20
9,10,-0.3784618540150992,-0.16897430021512416,20
10,11,-0.34789661613184647,-0.17837852057928152,20
11,12,-0.3590159136422341,-0.10501845156713714,20
12,13,-0.308897919151066,-0.07899648723474226,20
13,14,-0.34378649049431903,-0.11925308590159005,20
14,15,-0.267612460910949,-0.14861279560504442,20
15,16,-0.24038918562102876,-0.06978013557648785,20
16,17,-0.22236619193525545,0.16266616187592026,20
17,18,-0.30056207960406534,0.13395501742476423,20
18,19,-0.1784399404884806,0.06552818673064215,20
19,20,-0.13558743649987476,0.2032284144958207,20
20,21,-0.28228799276190825,-0.1369554498668035,20
21,22,-0.008189603892449167,0.010755750433386961,20
22,23,0.3532251244487527,0.11339175542915118,20
23,24,0.062040788230955095,-0.08175715046532135,20
24,25,0.1869137311510916,0.3063877831129568,20
25,26,-0.06151466410561164,0.4592883656014496,20
26,27,0.018469048792503065,0.36605048455694883,20
27,28,-0.2450431876941472,-0.013299111942080716,20
28,29,-0.32004192633812595,-0.004954098367710606,20
29,30,0.1441672685239295,0.320100608161305,20
30,31,0.32635276770923194,0.14754021599083605,20
0,1,-0.0016800100111366806,-0.3194736317190278,21
1,2,-0.2972727861378141,-0.07899880500519564,21
2,3,0.3378149223693856,0.6897608878748211,21
3,4,-0.3741646507756954,-0.12541900614730686,21
4,5,0.04673504369092769,0.00311050095072387,21
5,6,-0.1638080628009132,-0.012752969176151227,21
6,7,-0.1624612606139968,-0.02324538423654544,21
7,8,-0.030879599056200357,0.2996402098206253,21
8,9,-0.21790730461399868,0.13442431910911373,21
9,10,-0.16115628878885432,-0.04983538350971007,21
10,11,0.4769054236212848,-0.05508677000353181,21
11,12,0.5478745731170112,-0.4621239679578151,21
0,1,0.22191156767790016,-0.2889516431255549,22
1,2,-0.1576705868478509,0.2472518430150686,22
2,3,0.6774742662079832,0.18092514814219945,22
3,4,-0.3914644168930818,-0.26349145451915845,22
4,5,-0.036375423375020886,0.5203523352677167,22
5,6,-0.38544222866063277,0.3033092157685875,22
6,7,-0.23730848513641922,-0.419727932752515,22
7,8,0.30887530702712207,-0.2796675117963435,22
0,1,-0.08458427502477472,0.024403218872035018,23
1,2,0.08026170318530298,-0.13910251805346935,23
2,3,0.11391759013372434,-0.1707936264606824,23
3,4,0.14001518333610657,-0.13550022296927344,23
4,5,-0.00022377439672259687,-0.1365068788868393,23
5,6,0.1789485492892393,0.05673897609833611,23
6,7,0.32394369899533076,0.17947462162919703,23
7,8,0.09183011727785595,0.1978063091581735,23
8,9,0.042063391723763346,-0.15422291810098848,23
9,10,0.07198194678758438,-0.10877642734318611,23
10,11,0.24180718416433036,-0.09513036166922577,23
11,12,-0.1287394633664995,0.06242262436063949,23
12,13,0.07406016784414488,-0.21861779626136665,23
13,14,0.04481752093571949,-0.029461033889438555,23
14,15,0.30810242466728255,-0.4137788077172772,23
15,16,0.31383331512964463,-0.40996237980388633,23
16,17,0.06776996779530509,-0.1683199890217734,23
17,18,0.09431260581904205,-0.14932152828713685,23
18,19,0.21782465579759078,0.07100248053643515,23
19,20,0.3891834341518522,0.2640364194311048,23
20,21,0.06004881040418424,-0.06438496339753813,23
21,22,0.21693693345975001,-0.027153969953197434,23
22,23,0.11794312847104302,-0.09456766764483307,23
23,24,0.02836490451641554,-0.18190890801891146,23
24,25,0.07303787122482523,-0.17916949663091572,23
25,26,-0.11135459747989009,-0.05785982700074106,23
26,27,0.08373132573878526,-0.08692872745614007,23
27,28,-0.003710174261893851,-0.1047777136513104,23
28,29,-0.0983892436368862,-0.02670807978255382,23
29,30,-0.018046629444796743,-0.0017082991717228537,23
30,31,0.06197216685817868,-0.04798213160130385,23
31,32,0.13122528148312732,-0.2078624818268857,23
32,33,-0.01584402003660431,-0.10392428597475627,23
33,34,0.04984057655886256,-0.19444136890488303,23
34,35,-0.017507850821322155,-0.14133794961993873,23
35,36,0.4285145957252442,0.4994601806621061,23
36,37,0.3068384743769762,0.4667028907083587,23
37,38,0.28079411976837965,0.321719576418258,23
38,39,0.430879428707834,0.43272683826462555,23
39,40,-0.19982847447622165,0.006213701076989071,23
40,41,-0.29835827566427386,0.14565649195480915,23
41,42,-0.2552740341616804,0.08462711682445856,23
42,43,-0.335408729890249,0.17047769674343582,23
43,44,-0.32307172066413364,0.1684153121822854,23
44,45,-0.32193766552384023,0.15156677853028225,23
45,46,-0.18034565241910333,0.11536973956385094,23
46,47,-0.15225950778122255,0.08580462580972961,23
47,48,-0.30052971261410133,0.19132258235325053,23
48,49,-0.24221786708259024,0.10764597172162961,23
49,50,-0.1990852612432923,0.10819818021107905,23
50,51,-0.19220641572016012,-0.008067030161069489,23
51,52,-0.14469655733386297,0.021723742901230133,23
52,53,-0.006748042415384433,-0.01330619298455402,23
53,54,-0.15677178960796853,0.011827174768721192,23
54,55,-0.18949674407881495,0.02737712972367145,23
55,56,-0.09158536384406668,0.06280608294439288,23
56,57,-0.09056173904685726,-0.03057663576353756,23
57,58,-0.12057811081483526,0.05475394448038788,23
58,59,-0.12907090899971863,-0.0354119557735296,23
59,60,-0.11546068121965762,-0.10237650219163327,23
60,61,-0.06630117082769536,-0.05854264236843622,23
61,62,-0.04926891603448024,-0.036214964058395624,23
62,63,-0.039597848457294936,-0.02611417628649497,23
63,64,-0.15559421508273827,0.008891678188633926,23
64,65,-0.09607095780548978,0.01458933246425882,23
65,66,-0.13407468304830175,0.04705904010546117,23
0,1,0.04330133937150887,-0.17771417909396542,24
1,2,-0.24590818727046543,-0.00144362233660035,24
2,3,-0.24707077834371372,-0.020336428809555763,24
3,4,-0.2874619852198485,0.19689040822256182,24
4,5,-0.260062516561832,0.03766491356235486,24
5,6,-0.24728798425261003,0.15194045560202007,24
6,7,-0.16092085037604545,-0.1885548672256699,24
7,8,-0.2079426168202026,0.13059512452831162,24
8,9,-0.26842937916930243,0.12866653733720715,24
9,10,-0.18811918343631448,0.18413548639859234,24
10,11,-0.12118381711811355,-0.2107269323939394,24
11,12,-0.22408633550587298,0.1640599243115558,24
12,13,-0.10183722090962675,-0.016063009908650137,24
13,14,-0.18702808869802381,-0.0681448723869575,24
14,15,-0.16746854374831957,0.023669442576975525,24
15,16,-0.2501122639368568,-0.051041165912265145,24
16,17,-0.13932036965580993,0.00552647554027794,24
17,18,-0.1255001237511412,0.03932205279176008,24
18,19,-0.06875651750422025,-0.11847286139293009,24
19,20,-0.03358798543688718,-0.04425405736208748,24
20,21,0.1603738347532396,-0.1605067737611003,24
21,22,-0.027273955874229438,-0.08140814275834811,24
22,23,-0.22953046881091924,-0.17477716215176947,24
23,24,0.12232213115176582,0.028637185230371957,24
24,25,-0.11177971724419848,-0.06465772015258843,24
25,26,0.13861818564310432,-0.23516385343091253,24
26,27,0.27138361021012697,-0.22284445766488065,24
27,28,0.28605027964633917,-0.2306481807668021,24
28,29,0.1053740085726508,-0.21684008789789938,24
29,30,-0.22576317400651094,-0.014669140224961201,24
30,31,-0.25748292344174917,0.010677588549413922,24
31,32,0.11884207199144246,-0.16169403695645598,24
32,33,-0.15592190180326945,-0.11567217551377919,24
33,34,0.14588313352736165,-0.2150886362957789,24
34,35,0.13215388721679444,-0.05269874427404386,24
35,36,0.37075365049215897,-0.08476532135397692,24
36,37,0.4123783472412202,-0.18470238696736802,24
37,38,0.4312310163903343,-0.15582175243433888,24
38,39,0.5238465374086666,0.0391476475328145,24
39,40,0.47527928203494024,0.5299475149102338,24
40,41,0.47313013994783293,0.6147702761328171,24
41,42,-0.006164831803815375,-0.09516063118017862,24
42,43,0.30999220561239904,0.13827629216468046,24
43,44,-0.08009874546583681,-0.15368905779729058,24
44,45,0.1654783464920588,-0.012284649823759996,24
45,46,-0.07765827138300481,0.14789305739146502,24
46,47,-0.0017185767090380731,0.2371054628297014,24
47,48,-0.08078826664003866,0.3389217202345068,24
48,49,-0.17919318971932077,0.17066115764567366,24
49,50,-0.15632223342463106,0.10303816584669392,24
50,51,-0.05663281520977895,0.10860098943389696,24
51,52,0.4920218115476017,-0.00030297054503327617,24
0,1,-0.3818784879829826,0.07701637984469126,25
1,2,-0.2442421716454312,0.1432961339605656,25
2,3,-0.31215110445417127,-0.48957202501402364,25
3,4,0.24286889395577152,0.6091353182404748,25
4,5,0.6954028701268137,-0.3398758070317079,25
0,1,0.2542545414446659,0.14011878598982208,26
1,2,-0.08282590312078633,-0.16805261406897276,26
2,3,-0.16605520606546817,-0.3313422470125805,26
3,4,0.010632293177362008,-0.11335739038999454,26
4,5,-0.19208557572315058,-0.0638884878148766,26
5,6,-0.20660775065042933,-0.053390672459448715,26
6,7,-0.16953002163178654,-0.03266899018422376,26
7,8,0.10497442219877678,-0.13126799702623468,26
8,9,0.07111858910266178,-0.07443115910065101,26
9,10,0.297942296364992,0.12416095235850931,26
10,11,-0.1403093469673617,-0.12098675903247819,26
11,12,-0.21986367379102426,-0.17397179581223343,26
12,13,-0.15602086237088986,-0.05921681724917504,26
13,14,-0.21487818722072843,-0.1157522852550595,26
14,15,0.0060574003089856766,0.11734448932904122,26
15,16,-0.09328353768974128,-0.03789439495642273,26
16,17,-0.019369810425402065,0.36296823623729696,26
17,18,-0.12481345826072177,-0.34438064146910685,26
18,19,0.09578286458027245,0.3993342801295613,26
19,20,-0.22728916030210666,-0.11227945998312674,26
20,21,-0.21970305415292127,-0.04578441704396784,26
21,22,-0.22562733714109048,-0.09271665757605001,26
22,23,-0.07859717305477741,0.019131453593780094,26
23,24,-0.1506724297396852,-0.11086158496171213,26
24,25,-0.1783946343236966,-0.005980804317578348,26
25,26,-0.1438267858521382,0.31979098236509707,26
26,27,-0.01505459492389262,0.33288434289835855,26
27,28,-0.1945197152226698,0.10305692500528436,26
28,29,-0.19025741352904077,0.25816008380643535,26
29,30,-0.1998959084633497,0.3433381413180312,26
30,31,0.005259975997186212,0.5334284664553051,26
31,32,-0.18584798537580446,0.31665342667334456,26
32,33,-0.22610978615100058,-0.3513694032148519,26
33,34,-0.017109969747609255,0.020704209374697195,26
34,35,-0.22213716066441608,0.0037682436555610734,26
35,36,-0.28182397658447544,-0.08831133756204196,26
36,37,-0.13650516506289403,-0.12386395721084326,26
37,38,-0.16813788903412968,0.09053313239854625,26
38,39,-0.1309958865523544,-0.02156198938828594,26
39,40,0.6796156736096551,-0.06703280762119201,26
40,41,0.6787800025313119,-0.007674570880476499,26
41,42,0.6513909811761645,-0.030288243611975133,26
42,43,0.3464750005030937,-0.1680341028677707,26
43,44,0.12626063964740902,-0.2438433607924169,26
44,45,0.4436137081551087,-0.1580282542809984,26
45,46,0.37306875134869844,-0.16702711782217314,26
46,47,0.3052995870841781,0.13536080128141728,26
47,48,0.5276226325650226,-0.005476631903169672,26
0,1,-0.3327781466804956,0.24726215352267467,27
1,2,-0.34377191266639623,-0.23320450793763053,27
2,3,-0.3517384590395821,0.2130791773804224,27
3,4,-0.09296124315579216,-0.3754373994863288,27
4,5,-0.3836180403288271,-0.21027803417036448,27
5,6,-0.3756582332878968,0.19952743603758505,27
6,7,0.23108493556569726,-0.43095097387932657,27
7,8,0.44259709507111006,-0.19995206240163138,27
8,9,0.2531194219467437,0.5671073958498409,27
9,10,0.2691943943815055,-0.017800476246432217,27
10,11,0.258419190312203,0.0999638156558252,27
11,12,0.42611099788172985,0.14068347567536688,27
0,1,0.6156735120298179,-0.009201978466756362,28
1,2,0.2949140156087811,-0.03145906505907626,28
2,3,0.533311616173871,-0.19464614538882663,28
3,4,-0.08552987769699635,0.13730650409175385,28
4,5,-0.22105436393789396,-0.03483709974448158,28
5,6,-0.09390959206420536,0.6157921676973768,28
6,7,-0.3267221334989984,-0.33434609695614487,28
7,8,-0.22700796914231422,-0.1000813246841002,28
8,9,-0.0808851045937117,-0.007897565282170933,28
9,10,-0.058459453532886195,0.4248819893107186,28
10,11,-0.1793901745198877,-0.4408679985470633,28
11,12,0.124111867317972,-0.03844339786634552,28
12,13,-0.1511648412034014,-0.07330696501094884,28
13,14,-0.14388750094014752,0.08710697590606539,28
0,1,0.5970618703440489,-0.2832075252446005,29
1,2,-0.025414283047569885,0.6059449518250316,29
2,3,-0.5716475872964791,-0.32273742658043125,29
0,1,0.6596533655977547,-0.10763456581872353,30
1,2,0.5771550245131288,-0.08071706444822169,30
2,3,-0.08671915251938105,-0.2264254973892035,30
3,4,-0.22079223631688968,-0.2725055743148093,30
4,5,-0.2949337973593518,-0.07921645690634231,30
5,6,-0.2924727213742762,-0.4362883087909325,30
6,7,0.017449683995274162,0.5163032864186057,30
7,8,-0.17569938068364035,0.4881184528832608,30
8,9,-0.1836407858526195,0.19836572836636734,30
0,1,-0.03292655675028311,-0.150370908619706,32
1,2,0.7064135487245452,-0.19191249792640622,32
2,3,-0.5704892745852546,-0.35481454043303323,32
3,4,-0.10299771738900744,0.6970979469791455,32
0,1,0.33806657558635755,-0.13324434336672558,33
1,2,-0.31594553797396085,-0.35910580222170985,33
2,3,-0.43607155208815274,0.6398775082002569,33
3,4,0.23833512318064562,-0.11246568871143423,33
4,5,0.4829461688651321,0.387160883616959,33
5,6,-0.4274214295043963,-0.18474770707552696,33
6,7,0.12009065193437467,-0.2374748504418201,33
0,1,0.7163771472411238,-0.16262469175477562,34
1,2,-0.20862523830889385,0.6655160839166097,34
2,3,-0.5077519089322297,-0.5028913921618341,34
0,1,-0.23178235503527547,0.6754693841683921,35
1,2,-0.49331176030863433,-0.5304806658340273,35
2,3,0.7250941153439097,-0.1449887183343646,35
0,1,0.5986237241029488,-0.28038696630556426,36
1,2,-0.03914784480355088,0.6240602330648641,36
2,3,-0.5594758792993983,-0.3436732667593001,36
0,1,0.4292013803529066,4.4552312968965846e-17,37
1,2,-0.42920138035290656,4.455231296896584e-17,37
0,1,-0.3216442842942591,0.40018143027418884,38
1,2,-0.18472587497767262,-0.14610173706881213,38
2,3,-0.08355457196150899,-0.22258602808755307,38
3,4,-0.41471737427295924,-0.2250665309019487,38
4,5,-0.3387605391091535,-0.46661896070051656,38
5,6,-0.2490830723909256,-0.0703401585540125,38
6,7,-0.2080994511612764,0.5477249526389786,38
7,8,-0.0889149164846172,0.39591011025046985,38
8,9,0.4513448576881647,-0.002380692228604501,38
9,10,0.4773260897747014,-0.022715176452529743,38
10,11,0.19782954903758881,-0.25105206176681505,38
11,12,0.3548948566873942,0.04599622749194372,38
12,13,0.17487094307001114,-0.07990693585996454,38
13,14,0.23323378839451264,0.09695556096517637,38
0,1,-0.274272189906658,0.13280186425357815,39
1,2,-0.4144271837593565,-0.5034105085132063,39
2,3,-0.07932131588445823,0.5391426894605957,39
3,4,0.7680206895504724,-0.16853404520096762,39
0,1,0.03255636646079864,0.7143173885727048,40
1,2,-0.04389542776335241,0.594758719781589,40
2,3,0.04795239173191131,0.2705615010209205,40
3,4,-0.21966849745416786,0.04321433841352567,40
4,5,0.4773837778239304,-0.13712719391294925,40
5,6,0.4285324904393657,-0.0665692698192142,40
6,7,0.429492009011895,-0.02964909243991066,40
7,8,-0.310058814308258,-0.05859997926520081,40
8,9,-0.2852290938140447,-0.12967048406731504,40
9,10,0.29011898504112205,-0.07836450459035035,40
10,11,0.191315920255686,-0.017824877377618308,40
11,12,0.03664814836810317,-0.16702036955142407,40
12,13,0.008939792036662389,-0.06973389164632413,40
13,14,-0.36789794400348724,0.08412037940006892,40
14,15,-0.19554206471504154,-0.13808145591731552,40
15,16,-0.01155448522110501,-0.14927118954300855,40
16,17,-0.2535203881121225,-0.14448006892885557,40
17,18,0.29496829172383565,-0.10397974405545296,40
18,19,-0.06648260457886965,-0.1542336255705934,40
19,20,-0.09219078413950733,-0.11579234962776294,40
20,21,-0.20777409208102943,-0.0767190490222132,40
21,22,-0.10037448906126466,0.011277678873070435,40
22,23,0.4219846179743043,0.031151071353955402,40
23,24,0.1389284369592585,-0.01783300388462912,40
24,25,0.07058074829159283,0.014072395791453725,40
25,26,-0.2368061851848681,-0.21505527979774236,40
26,27,-0.29094947214411615,-0.016795731432521804,40
27,28,-0.18745763353723194,0.1233276872431136,40
0,1,-0.22596233832771673,-0.020249336520906658,41
1,2,-0.039633939048032946,-0.29543211376881584,41
2,3,-0.23803105736395247,-0.10465843405575322,41
3,4,0.1771378198176929,0.07804404345388491,41
4,5,-0.2545863467640195,-0.04154279776031335,41
5,6,-0.1722601078109324,0.028948486068148482,41
6,7,0.0655426904740886,-0.39505850721583635,41
7,8,-0.01050538404747107,-0.10931836265079928,41
8,9,-0.0064945258653951645,-0.10708354383987066,41
9,10,-0.023188417708420485,-0.10541828569456023,41
10,11,0.056128627147791404,0.1098403574919869,41
11,12,0.059825033644753965,0.12568069068486032,41
12,13,0.7048769086663078,0.031941480940020424,41
13,14,0.06882195122023566,-0.051644732025706554,41
14,15,-0.04635923633741045,0.392308400574645,41
15,16,-0.11531167769751886,0.46364265431901663,41
0,1,0.08439448003301715,0.3061035132232977,42
1,2,-0.10717884338697793,0.36192218008912114,42
2,3,0.8918416871694401,0.3339966851804409,42
3,4,-0.16094392284312545,0.17110044008941663,42
4,5,-0.1287934157518269,0.12843257998753912,42
5,6,0.16359515473564795,-0.26061074186756367,42
6,7,-0.12269710867836268,0.0013395947847700085,42
7,8,-0.17877306173595753,0.09834965132727576,42
8,9,-0.16275846010045222,0.05323912779291368,42
9,10,-0.006519433414263966,-0.10831062156645094,42
10,11,0.09771398042789596,-0.35038054471234814,42
11,12,0.15013726373232553,-0.33444817570884394,42
12,13,0.00858186351628708,-0.20913275740857,42
13,14,-0.0409650205354002,-0.22452715366710102,42
14,15,0.20812675698390865,0.02805599395487099,42
15,16,0.06901921432218293,-0.25858467037576227,42
16,17,-0.0013382118210594216,-0.03769549900697223,42
17,18,-0.08942326403964233,-0.025326100206266727,42
18,19,-0.13295298491161014,0.023984907001673612,42
19,20,-0.04767630472299197,0.017418608900015287,42
20,21,0.06580557676805514,-0.10054978058901431,42
21,22,-0.1873708810920614,0.0335480955700127,42
22,23,-0.1436172630566454,0.13609341229966948,42
23,24,-0.22820780159838291,0.21598125490787612,42
0,1,-0.13435191485307965,0.29884493008346485,43
1,2,-0.2700320754314938,0.013783892651926819,43
2,3,0.08944938088004362,0.5335626276402926,43
3,4,-0.16971912533491665,0.11048564322199764,43
4,5,0.1974324577355328,0.2791056504139178,43
5,6,-0.08200779229502872,0.008603576068634024,43
6,7,-0.06933283114912242,0.19579046222284316,43
7,8,0.022749179336857984,0.04064784815170682,43
8,9,-0.11993594761676807,0.2771622610467585,43
9,10,0.12944169180354165,0.10219847816810423,43
10,11,-0.2974466175826823,-0.08743105950703874,43
11,12,-0.027682586136524714,0.09533029172842346,43
12,13,-0.037345614538409,-0.28974553099279005,43
13,14,0.49339759934349675,-0.1633830413506161,43
14,15,0.5907808866440833,-0.24583843818667978,43
15,16,0.3734720665209682,-0.06955846573675817,43
16,17,0.5099185002221573,-0.1368351984416493,43
17,18,-0.31958653376905855,-0.21117278397633304,43
18,19,-0.32989483052813967,-0.13368683337227918,43
19,20,-0.2951323136047147,-0.2915229848242597,43
20,21,-0.2541735796467444,-0.3263413250096664,43
0,1,-0.2342587386998327,0.03491525138739847,44
1,2,-0.23929723307428571,0.12291946568083098,44
2,3,-0.267771556817744,0.25043602664649756,44
3,4,-0.2472794494317795,0.1541969699346376,44
4,5,-0.12984529151279572,0.10949182414668127,44
5,6,-0.15616705435239697,0.015079044850612944,44
6,7,-0.10586818952354668,0.156450775165107,44
7,8,-0.2638332533777725,0.0474774857294228,44
8,9,-0.09941420493271262,0.16127270136814154,44
9,10,-0.2519769282235756,0.18212284478627072,44
10,11,-0.3047636672034765,-0.06062662588981022,44
11,12,-0.1347001952694977,0.11157152348036843,44
12,13,-0.11006878970429315,-0.05280908397373668,44
13,14,-0.05129251878679775,-0.3281259500933881,44
14,15,-0.08534042119648344,-0.28178893394397136,44
15,16,0.05170562099434661,-0.21681511737280673,44
16,17,0.11368327300857298,-0.19577065124100437,44
17,18,0.11550375845506991,-0.2871807784747794,44
18,19,0.08734623957632795,-0.1614068773786655,44
19,20,0.09575884332582466,-0.2676202709862058,44
20,21,0.14381289649897186,-0.19043747524390464,44
21,22,0.14128573378793147,0.227370078361871,44
22,23,0.29972273176749764,0.04603488026267111,44
23,24,0.3852933292700714,0.20270530760301272,44
24,25,0.561719616293831,0.31662202285425145,44
25,26,0.33920491160087324,0.3423515905660617,44
26,27,0.20902241088950407,-0.33144875438797006,44
27,28,0.13781812663816803,-0.1069872738375946,44
0,1,-0.08134189892141815,0.09127296924344196,45
1,2,0.16916639618313925,0.1714451223528518,45
2,3,0.21605267273260398,0.31047347724680824,45
3,4,0.1942106240200494,0.4144949333544303,45
4,5,0.24721205122104742,-0.16544652649163227,45
5,6,0.47595731116218415,-0.3855266024486454,45
6,7,0.5042742315114885,-0.3281124734476215,45
7,8,0.1263343653798165,-0.17557834977230483,45
8,9,-0.018650674689021315,0.36108157890441955,45
9,10,-0.05821050571964161,0.42690316392281374,45
10,11,-0.1670730628421424,0.2383368441808201,45
11,12,-0.3650838278962531,-0.299454658428362,45
12,13,-0.27697938156899937,-0.16238300708813977,45
13,14,-0.16032489794543392,-0.2321418367371218,45
14,15,-0.3269277595701692,-0.02799040192287928,45
15,16,-0.47861564305724996,-0.2373742328688794,45
0,1,0.29277043096930916,-0.403221942340032,46
1,2,0.37846359841385696,-0.267936836421844,46
2,3,0.1756550781562848,-0.3279231761555911,46
3,4,0.1389535790521156,-0.14780343922828496,46
4,5,-0.3924900152044278,0.08196383279056195,46
5,6,-0.31358470277720957,-0.15877175101396562,46
6,7,-0.35327610034265367,0.20935354555257807,46
7,8,0.22067586548745982,-0.06050279330696536,46
8,9,-0.17766649223188416,-0.0780314698237851,46
9,10,-0.20256714678503576,-0.06590188266246133,46
10,11,-0.29587548239180367,0.07534411961518583,46
11,12,-0.16462244395162648,0.039962368916176286,46
12,13,0.4369200505073892,0.5968570968270934,46
13,14,0.09561361711848303,0.29147274484543273,46
14,15,-0.033111643410521474,-0.16954882781283095,46
15,16,0.19414180739026338,0.3846884102187323,46
0,1,0.32283476538685224,0.1072823731195127,47
1,2,0.31630863023853556,-0.3165485892717098,47
2,3,0.06008180547729973,0.6404928176181413,47
3,4,0.2424060495796958,0.35840859861098284,47
4,5,0.05867124859237701,0.18528486575544528,47
5,6,0.05816472707310064,-0.003767621320384941,47
6,7,0.5050537869801826,-0.2879703760688764,47
7,8,-0.05921560261147879,-0.26058857458500556,47
8,9,-0.07753597979253066,-0.34735413113695707,47
9,10,-0.37984479377290875,0.01432122778092007,47
10,11,-0.4467994257547186,0.006547029757026425,47
11,12,-0.36422932436992145,-0.1422020586484035,47
12,13,-0.23589588702648515,0.04609443838930834,47
0,1,0.3157513547410194,-0.4091068075929661,48
1,2,0.06909742484065946,-0.5023391098502293,48
2,3,0.07778356236945827,-0.017550503361712995,48
3,4,0.5495187020994023,0.5985893950825892,48
4,5,-0.49041280262670184,0.27777492363465983,48
5,6,-0.5217382414238375,0.05263210208765959,48
0,1,0.39507554833411834,-0.07404321923120524,49
1,2,0.11703306592594401,-0.4690426934954428,49
2,3,0.5269005897884735,0.12135656500100803,49
3,4,-0.42798289859494965,-0.03896612102742463,49
4,5,-0.4641402844036848,-0.224413737985094,49
5,6,-0.14688602104990184,0.6851092067381588,49
0,1,-0.161099908208985,-0.3944195062943839,50
1,2,0.0068134526735753025,-0.4030983031111236,50
2,3,-0.49361943884055715,0.5059116322939351,50
3,4,0.6479058943759672,0.2916061771115727,50
0,1,-0.0495690306879001,-0.28290012923785157,51
1,2,-0.4649818321604066,-0.3428232694295868,51
2,3,-0.22667161914790723,0.6583674050338001,51
3,4,0.7412224819962139,-0.03264400636636129,51
0,1,-0.2599389360860672,-0.46219634677834043,52
1,2,-0.43352486196278595,0.09019076581377215,52
2,3,-0.2373753622329655,0.23900183501570627,52
3,4,0.5669982043023368,-0.35786047930146986,52
4,5,0.3638409559794814,0.4908642252503323,52
0,1,-0.4082952229925093,-0.45373321181688886,53
1,2,-0.2298818281924277,0.5469896539511603,53
2,3,0.6381770511849368,-0.0932564421342714,53
0,1,-0.43396506003777635,0.0020481083831094425,54
1,2,0.3158457134864138,0.7127142404386183,54
2,3,0.5267768331968209,-0.23405008495029345,54
3,4,-0.30435758943221586,-0.06142618599717527,54
4,5,0.29520089127615595,-0.41331037583595304,54
5,6,-0.3995007884893984,-0.005975702038305538,54
0,1,-0.22236635687198145,0.6853083363944796,55
1,2,0.1610564237190935,-0.2880923811047198,55
2,3,0.62674095789193,-0.021649206925451057,55
3,4,-0.5654310247390419,-0.3755667483643087,55
0,1,-0.4526552105588082,-0.464716011121929,56
1,2,-0.21689887406310185,0.5883094214880333,56
2,3,0.66955408462191,-0.12359341036610423,56
0,1,-0.14019419522661297,0.7617482601173127,58
1,2,-0.06267822492373505,0.2428771888854547,58
2,3,0.48138813618756393,-0.08666660543751685,58
3,4,0.5088191013264566,-0.05593167482034343,58
4,5,-0.25112726104078004,0.13251012771658205,58
5,6,0.16160276798215817,-0.08298745539628682,58
6,7,-0.2313849643978725,-0.14703199703795275,58
7,8,-0.4295324658842558,-0.1479384509714184,58
8,9,-0.3811124024224517,-0.3158711577145939,58
9,10,-0.07152627376123212,-0.2654166845646263,58
10,11,0.18953987254010043,-0.04325787517606702,58
11,12,0.1642380081328083,0.09442129551612996,58
12,13,0.06196790148785363,-0.08645497111667357,58
0,1,-0.16811217161664363,0.34523746631444274,59
1,2,0.030849241967704284,-0.00294796446402786,59
2,3,-0.6160731429991395,-0.44273478309442243,59
3,4,0.11406486043200771,0.5309136541027516,59
4,5,0.639271212216071,-0.43046837285874406,59
0,1,-0.2499829433070768,-0.4381709899166646,60
1,2,-0.3219957068323379,-0.23212969097212993,60
2,3,-0.24538103011360066,0.6456120792469168,60
3,4,0.08605141259990373,0.06805671066752521,60
4,5,0.7313082676531119,-0.0433681090256477,60
0,1,-0.5988182507861077,-0.34927148309346423,61
1,2,0.6223230465523467,-0.3111364523353749,61
2,3,-0.023504795766238953,0.660407935428839,61
0,1,0.7027351918215325,-0.3854900528135759,62
1,2,0.2817566056594407,0.5925869335072709,62
2,3,-0.2559641788732497,0.18066605361968208,62
3,4,-0.33622804319740124,-0.03465311332124721,62
4,5,-0.3922995754103221,-0.35310982099212973,62
0,1,0.2165558991779197,0.09617624672501023,66
1,2,0.7002662712275598,-0.15361673006920368,66
2,3,0.7200552319960465,-0.020401617674550607,66
3,4,-0.07674414062879659,0.49222312814510005,66
4,5,-0.176689886153118,0.40508898364956825,66
5,6,-0.18133296625057801,-0.1014357446567677,66
6,7,-0.12707246033105163,0.5511101136897003,66
7,8,-0.293829687994253,-0.18814611384126304,66
8,9,-0.22839443475231194,-0.19059172731100377,66
9,10,-0.08108965145683367,0.07971864402387123,66
10,11,-0.1432440343061569,-0.14605867958019034,66
11,12,-0.09935131694783629,-0.29877274089128025,66
12,13,-0.06406917307198075,-0.2121904669576529,66
13,14,-0.15600362095596076,-0.02878851280700779,66
14,15,-0.023953628869603113,0.10494140685339508,66
15,16,-0.16244078228673248,-0.24935515693390256,66
16,17,-0.058172186639713346,-0.2380706686656114,66
17,18,-0.013390901581223524,-0.2463128274318671,66
18,19,-0.07264585330547424,-0.02836902483467023,66
19,20,-0.08663674513817445,0.03838304476845067,66
20,21,0.05823014850203848,0.2383773074930997,66
21,22,0.349953919766234,0.09609113630677592,66
