,chapter,dim0,dim1,book_number,book_name,book_ch,sentiment_score,chapter_length
0,1,0.4160949354351672,0.0774887294490862,1,Genesis,1-1,0.2576923076923076,31
1,2,0.314419707511496,0.021048029105521,1,Genesis,1-2,0.2375,25
2,3,0.1455036264956999,-0.0375836220143332,1,Genesis,1-3,0.177257525083612,24
3,4,0.1169335108358544,-0.039700271411837,1,Genesis,1-4,0.1716738197424892,26
4,5,0.2601349611001574,0.0397378832307672,1,Genesis,1-5,0.202127659574468,32
5,6,0.5574098293906052,0.1456366295602685,1,Genesis,1-6,0.1824324324324324,22
6,7,0.6620790413540606,0.1956114671155264,1,Genesis,1-7,0.2295081967213114,24
7,8,0.5901366639705555,0.175681131603608,1,Genesis,1-8,0.1627906976744186,22
8,9,0.4842332450632642,0.1438115435493845,1,Genesis,1-9,0.2521008403361344,29
9,10,0.2419282345505088,0.0340508624133894,1,Genesis,1-10,0.3684210526315789,32
10,11,0.2130511756176886,0.0167190467467296,1,Genesis,1-11,0.247787610619469,32
11,12,0.0152310036212639,0.0666094377763762,1,Genesis,1-12,0.2803738317757009,20
12,13,0.1320459789471252,0.0302148757690786,1,Genesis,1-13,0.296875,18
13,14,0.1488292211191982,-0.0004337467695322,1,Genesis,1-14,0.4426229508196721,24
14,15,0.1129341853226204,0.0008017341793903,1,Genesis,1-15,0.2043795620437956,21
15,16,0.0927021720750223,-0.1113556904867035,1,Genesis,1-16,0.2335766423357664,16
16,17,0.1534255034514744,-0.175967056905791,1,Genesis,1-17,0.2944444444444444,27
17,18,0.0115494460986592,-0.1564879077180426,1,Genesis,1-18,0.2222222222222222,33
18,19,0.0301026421970843,0.0137954417992836,1,Genesis,1-19,0.2068965517241379,38
19,20,-0.0442419792896293,-0.2204936616288353,1,Genesis,1-20,0.2276422764227642,18
20,21,-0.0010436301948021,-0.3164430364794394,1,Genesis,1-21,0.2325581395348837,34
21,22,-0.018017845887066,-0.2824509021911544,1,Genesis,1-22,0.2142857142857142,24
22,23,-0.0329715762776499,-0.1458291900352043,1,Genesis,1-23,0.3709677419354839,20
23,24,-0.0740213246556084,-0.2030811076357802,1,Genesis,1-24,0.3004926108374384,67
24,25,-0.0790179299037316,-0.3490216871860281,1,Genesis,1-25,0.2992125984251969,34
25,26,-0.0599305010426675,-0.2351995687276001,1,Genesis,1-26,0.2349726775956284,35
26,27,-0.2159884985688805,-0.2329933294619901,1,Genesis,1-27,0.1690140845070422,46
27,28,-0.1446132505543302,-0.3008071342851817,1,Genesis,1-28,0.2469879518072289,22
28,29,-0.1879357119177895,-0.2782837284465717,1,Genesis,1-29,0.2721518987341772,35
29,30,-0.2093292660200658,-0.2793520746567913,1,Genesis,1-30,0.2198275862068965,43
30,31,-0.2134596207951035,-0.2187906636078173,1,Genesis,1-31,0.1790123456790123,55
31,32,-0.1979622085520945,-0.2301270427046688,1,Genesis,1-32,0.1942857142857142,32
32,33,-0.1941923884974025,-0.1610840365039437,1,Genesis,1-33,0.2688172043010752,20
33,34,-0.0810947238526042,-0.1108741590351241,1,Genesis,1-34,0.2432432432432432,31
34,35,-0.1483003264529386,-0.2235926952552977,1,Genesis,1-35,0.2275862068965517,29
35,36,0.0457028712850589,-0.168439565837288,1,Genesis,1-36,0.2945736434108527,43
36,37,-0.2650353345758258,0.2757610011928849,1,Genesis,1-37,0.1359223300970873,36
37,38,-0.0408475728509539,-0.0660061263409321,1,Genesis,1-38,0.2097902097902098,30
38,39,-0.1298553078430445,0.231099614565455,1,Genesis,1-39,0.2327586206896551,23
39,40,-0.1417430152949576,0.3881682271662591,1,Genesis,1-40,0.1666666666666666,23
40,41,-0.1203717367968201,0.4180231606591337,1,Genesis,1-41,0.2878338278931751,57
41,42,-0.2802046839070319,0.3337713483969897,1,Genesis,1-42,0.2217391304347826,39
42,43,-0.2469318600698509,0.2512103316486196,1,Genesis,1-43,0.2207792207792207,33
43,44,-0.1891012124655414,0.1688880812289966,1,Genesis,1-44,0.1411764705882353,34
44,45,-0.3155190961663827,0.440296148666722,1,Genesis,1-45,0.2340425531914893,28
45,46,-0.2101616130856473,0.0952264580893711,1,Genesis,1-46,0.2345679012345679,34
46,47,-0.2995073245480103,0.4324612407589956,1,Genesis,1-47,0.3647058823529411,31
47,48,-0.2031706498182485,0.1663043686773764,1,Genesis,1-48,0.2340425531914893,22
48,49,-0.0764257564522699,-0.0059063321748678,1,Genesis,1-49,0.2232558139534883,33
49,50,-0.3234520091056152,0.3878875441515403,1,Genesis,1-50,0.1818181818181818,26
50,1,-0.1215714533216073,0.0111607994365681,2,Exodus,2-1,0.2921348314606741,22
51,2,-0.1801566193826805,0.0094929817808183,2,Exodus,2-2,0.2323943661971831,25
52,3,-0.2916899728396006,-0.0916788028888982,2,Exodus,2-3,0.2361111111111111,22
53,4,-0.2875012238936728,-0.1627331190632611,2,Exodus,2-4,0.2094017094017094,31
54,5,-0.226877102000505,-0.0321503594514406,2,Exodus,2-5,0.2265625,23
55,6,-0.1813870726357839,-0.0983436564354584,2,Exodus,2-6,0.2971014492753623,30
56,7,-0.24529722737539,-0.1515768137362692,2,Exodus,2-7,0.23125,25
57,8,-0.3008891148528149,-0.1512261703126398,2,Exodus,2-8,0.2487562189054726,32
58,9,-0.26562790818441,-0.0314292415893488,2,Exodus,2-9,0.1847826086956521,35
59,10,-0.3575797837242955,-0.0944753085748255,2,Exodus,2-10,0.2269230769230769,29
60,11,-0.3018763277207179,-0.0371513988045923,2,Exodus,2-11,0.2361111111111111,10
61,12,-0.1877593592017249,0.1122726310553376,2,Exodus,2-12,0.2426229508196721,51
62,13,-0.2361216095140187,0.1395318627745563,2,Exodus,2-13,0.2613065326633166,22
63,14,-0.2173649776779903,-0.134702244318028,2,Exodus,2-14,0.2827225130890052,31
64,15,-0.1492386341822688,-0.091294585929875,2,Exodus,2-15,0.2825112107623318,27
65,16,-0.2026211937673158,-0.0841573955716269,2,Exodus,2-16,0.2467532467532467,36
66,17,-0.178242910740086,-0.145373010379736,2,Exodus,2-17,0.1739130434782608,16
67,18,-0.1754318355738376,-0.0418243628758995,2,Exodus,2-18,0.2452830188679245,27
68,19,-0.2309889962454919,-0.1462427135189317,2,Exodus,2-19,0.1988950276243093,25
69,20,-0.1539922619852122,0.211632929255492,2,Exodus,2-20,0.1836734693877551,26
70,21,0.0117847572728764,0.7504238802113677,2,Exodus,2-21,0.0938511326860841,36
71,22,0.0266983132112737,0.7660772161581203,2,Exodus,2-22,0.1219512195121951,31
72,23,-0.149197695991029,0.4393690836635452,2,Exodus,2-23,0.2417061611374407,33
73,24,-0.2120508696899207,-0.202719665286941,2,Exodus,2-24,0.2314814814814814,18
74,25,0.5158188767877451,-0.0571832456834209,2,Exodus,2-25,0.423728813559322,40
75,26,0.5973833045565042,-0.0489424303943479,2,Exodus,2-26,0.2650602409638554,37
76,27,0.569151811499548,0.0077278369272854,2,Exodus,2-27,0.0526315789473684,21
77,28,0.3876325448168584,-0.0784883992512802,2,Exodus,2-28,0.3470588235294117,43
78,29,0.1522045735421091,0.1474610288219454,2,Exodus,2-29,0.2436974789915966,46
79,30,0.2980893708132132,-0.0073388592043892,2,Exodus,2-30,0.2475728155339805,38
80,31,0.1804398882428979,-0.0510668271345686,2,Exodus,2-31,0.3414634146341463,18
81,32,-0.2533394023732655,-0.0961453677772059,2,Exodus,2-32,0.1638795986622073,35
82,33,-0.1666287234465053,-0.0879953873325774,2,Exodus,2-33,0.3620689655172414,23
83,34,-0.2208642310995936,0.0666006575627562,2,Exodus,2-34,0.2290909090909091,35
84,35,0.3622205707575908,-0.1462704580919132,2,Exodus,2-35,0.3355263157894737,35
85,36,0.5431322140479782,-0.0788500358446055,2,Exodus,2-36,0.4473684210526316,38
86,37,0.5559318328459872,-0.0542323614330299,2,Exodus,2-37,0.5098039215686274,29
87,38,0.5813625887024537,-0.0058841149393726,2,Exodus,2-38,0.2711864406779661,31
88,39,0.4669171132555908,-0.1716260798484515,2,Exodus,2-39,0.3259259259259259,43
89,40,0.245528747067112,-0.0806484919748571,2,Exodus,2-40,0.2695652173913043,38
90,1,-0.493376617868564,-0.0049844619212604,3,Leviticus,3-1,0.1363636363636363,17
91,2,-0.3039133420898491,-0.001695981292977,3,Leviticus,3-2,0.1875,16
92,3,-0.4570982399164614,-0.0763106425694574,3,Leviticus,3-3,0.1371428571428571,17
93,4,-0.4488925324687009,0.0140966093698213,3,Leviticus,3-4,0.1424242424242424,35
94,5,-0.1044173213372577,0.1994948557974789,3,Leviticus,3-5,0.1912751677852349,26
95,6,-0.3628462118792949,0.0109845233563976,3,Leviticus,3-6,0.2356687898089172,23
96,7,-0.3198276594265491,-0.057863525531821,3,Leviticus,3-7,0.1726384364820846,38
97,8,-0.3558497076802033,-0.1058528465477063,3,Leviticus,3-8,0.1831683168316831,36
98,9,-0.5132322815320141,-0.1064060518793228,3,Leviticus,3-9,0.1075268817204301,24
99,10,-0.1566444198350449,-0.2129371545153934,3,Leviticus,3-10,0.2165605095541401,20
100,11,0.4073213479352614,0.3085561286809877,3,Leviticus,3-11,0.1538461538461538,47
101,12,0.0443812670296697,0.3410549816860037,3,Leviticus,3-12,0.2743362831858407,8
102,13,0.1912872710724159,0.5558651268083729,3,Leviticus,3-13,0.1908396946564885,59
103,14,-0.0682681202617067,0.3785935287827504,3,Leviticus,3-14,0.1881606765327695,57
104,15,0.3094065414880577,0.5067454581898113,3,Leviticus,3-15,0.1776649746192893,33
105,16,-0.1543566288365872,-0.0337551913929968,3,Leviticus,3-16,0.1577060931899641,34
106,17,0.0198400272968904,-0.0743245680188658,3,Leviticus,3-17,0.1608391608391608,16
107,18,0.5262627319672014,-0.3077111032322998,3,Leviticus,3-18,0.2016129032258064,30
108,19,0.2874429217538396,-0.2837442734555059,3,Leviticus,3-19,0.2162162162162162,37
109,20,0.4190249126290034,-0.3092026029276538,3,Leviticus,3-20,0.1419939577039275,27
110,21,0.2926539649466851,-0.2149177403708037,3,Leviticus,3-21,0.2666666666666666,24
111,22,0.1671710354184825,-0.0913040653524263,3,Leviticus,3-22,0.2492307692307692,33
112,23,0.0251817767130849,-0.0453273040897657,3,Leviticus,3-23,0.2645161290322581,44
113,24,0.0787403539889638,-0.216210381039785,3,Leviticus,3-24,0.1255813953488372,23
114,25,0.4114738914836016,-0.0990958863872319,3,Leviticus,3-25,0.3151862464183381,55
115,26,0.2885905133841024,-0.140017140327747,3,Leviticus,3-26,0.2058823529411764,46
116,27,0.2699445260249727,0.0662697081813969,3,Leviticus,3-27,0.2757352941176471,34
117,1,-0.112152103373209,0.6274349981583682,4,Numbers,4-1,0.1204819277108433,54
118,2,-0.1306064140358946,0.5088881027050057,4,Numbers,4-2,0.34375,34
119,3,-0.0423829598305407,0.4489993771203957,4,Numbers,4-3,0.25,51
120,4,-0.0119430653387905,0.4329516970321849,4,Numbers,4-4,0.2592592592592592,49
121,5,0.1695021966396811,-0.1724272185430293,4,Numbers,4-5,0.1746724890829694,31
122,6,0.4911166400151038,-0.1109849481322288,4,Numbers,4-6,0.2406417112299465,27
123,7,0.5434478981063392,0.1462121471566136,4,Numbers,4-7,0.3242424242424242,89
124,8,0.1498636483080553,0.1161821181611799,4,Numbers,4-8,0.1870967741935484,26
125,9,-0.0145119909636717,-0.1144816369640023,4,Numbers,4-9,0.2411347517730496,23
126,10,-0.1573723375921958,0.0323531987111165,4,Numbers,4-10,0.3377483443708609,36
127,11,-0.1517224307778563,-0.239074322806887,4,Numbers,4-11,0.2214532871972318,35
128,12,-0.1164978593490721,-0.2102430763754548,4,Numbers,4-12,0.1739130434782608,16
129,13,-0.3018813947597092,0.053032072956881,4,Numbers,4-13,0.3333333333333333,33
130,14,-0.2839243530187888,-0.2775001204215295,4,Numbers,4-14,0.2188295165394402,45
131,15,0.4988728770918984,-0.1491425660305096,4,Numbers,4-15,0.1902017291066282,41
132,16,-0.1459550540716754,-0.13676331656982,4,Numbers,4-16,0.1815181518151815,50
133,17,-0.1080675779800688,-0.0098161852788966,4,Numbers,4-17,0.1951219512195122,13
134,18,0.2451821195006852,0.0937679866314695,4,Numbers,4-18,0.2390438247011952,32
135,19,0.1098029189155671,-0.1171202466762039,4,Numbers,4-19,0.1226993865030674,22
136,20,-0.2697861828115615,-0.2413480237917107,4,Numbers,4-20,0.2574850299401197,29
137,21,-0.2667486780698977,-0.2381224579070997,4,Numbers,4-21,0.2831325301204819,35
138,22,-0.1334672803333323,-0.379812050441442,4,Numbers,4-22,0.1979166666666666,41
139,23,0.0639789764385947,-0.3419519158336938,4,Numbers,4-23,0.1581395348837209,30
140,24,-0.1178048960541638,-0.3342410806518119,4,Numbers,4-24,0.2068965517241379,25
141,25,-0.1382272683426927,-0.0771133534640901,4,Numbers,4-25,0.1125,18
142,26,-0.1076269545729792,0.5038248312736009,4,Numbers,4-26,0.1794871794871795,65
143,27,-0.2292448072800745,-0.0798716603320526,4,Numbers,4-27,0.2377622377622377,23
144,28,0.7692961558602716,-0.041773648784536,4,Numbers,4-28,0.1666666666666666,31
145,29,0.7672867000507807,-0.0117702626652244,4,Numbers,4-29,0.1333333333333333,39
146,30,0.0349893768476554,-0.052007410995095,4,Numbers,4-30,0.189873417721519,17
147,31,-0.0193191863874069,0.1294652007522325,4,Numbers,4-31,0.2108843537414966,54
148,32,-0.2718570270252827,-0.0621400783191425,4,Numbers,4-32,0.2889908256880734,42
149,33,-0.201010931757384,-0.1249373087663291,4,Numbers,4-33,0.2926829268292683,56
150,34,-0.231012420958575,0.217970491789066,4,Numbers,4-34,0.3538461538461538,29
151,35,-0.0892140146567538,-0.0617930249194659,4,Numbers,4-35,0.1189801699716713,34
152,36,-0.1910023184330537,0.2733536922221402,4,Numbers,4-36,0.1829268292682926,13
153,1,-0.2453754572367235,0.2086060946288078,5,Deuteronomy,5-1,0.2314049586776859,46
154,2,-0.1936729298612544,0.3359553245913934,5,Deuteronomy,5-2,0.2739130434782608,37
155,3,-0.148068464104696,0.4207817586686929,5,Deuteronomy,5-3,0.303030303030303,29
156,4,-0.3030439731822956,0.0227941921858903,5,Deuteronomy,5-4,0.2142857142857142,49
157,5,-0.1378390706955584,-0.1500463393460013,5,Deuteronomy,5-5,0.1949685534591195,33
158,6,-0.2717827759867973,-0.2041368536143974,5,Deuteronomy,5-6,0.2616033755274262,25
159,7,-0.1704529272279892,-0.17117155698756,5,Deuteronomy,5-7,0.2388535031847133,26
160,8,-0.1600756897956846,-0.1802111908056349,5,Deuteronomy,5-8,0.3066666666666666,20
161,9,-0.2726564032627752,0.0488573154984372,5,Deuteronomy,5-9,0.1964809384164222,29
162,10,-0.1893488348169658,-0.0157861905310425,5,Deuteronomy,5-10,0.2448132780082987,22
163,11,-0.2863072236928913,-0.0731816681108546,5,Deuteronomy,5-11,0.2948207171314741,32
164,12,0.0130438762759843,-0.3219531429850903,5,Deuteronomy,5-12,0.263456090651558,32
165,13,0.0341813945814909,-0.1206322292620055,5,Deuteronomy,5-13,0.2293577981651376,18
166,14,0.1635752637182081,-0.2464400140851861,5,Deuteronomy,5-14,0.2297872340425532,29
167,15,0.1696144807178839,-0.2686470036506424,5,Deuteronomy,5-15,0.2318181818181818,23
168,16,0.0650854744845527,-0.2852212480568155,5,Deuteronomy,5-16,0.2554744525547445,22
169,17,0.1446534433054305,-0.0560630203561774,5,Deuteronomy,5-17,0.1896551724137931,20
170,18,-0.019918480327463,-0.0784998843686362,5,Deuteronomy,5-18,0.2393162393162393,22
171,19,0.2400597250273837,0.0094639806907008,5,Deuteronomy,5-19,0.18359375,21
172,20,0.2607552161641219,0.0159907083042709,5,Deuteronomy,5-20,0.1552511415525114,20
173,21,0.4451822028965152,0.0962474145584338,5,Deuteronomy,5-21,0.1633466135458167,23
174,22,0.6141534327624619,0.2168557282978886,5,Deuteronomy,5-22,0.1715328467153284,30
175,23,0.2409625434983609,-0.2002366930982482,5,Deuteronomy,5-23,0.2307692307692307,25
176,24,0.4035731550304238,-0.0796427549793897,5,Deuteronomy,5-24,0.1626794258373205,22
177,25,0.4749333605312708,0.1308776109869438,5,Deuteronomy,5-25,0.2328767123287671,19
178,26,-0.1782107712137467,-0.1947747114255707,5,Deuteronomy,5-26,0.2730923694779116,19
179,27,0.1254002659445674,0.1764015781111481,5,Deuteronomy,5-27,0.1645021645021645,26
180,28,-0.0829599355486822,-0.1595953992358794,5,Deuteronomy,5-28,0.189033189033189,68
181,29,-0.2544282314872205,0.0950662544663381,5,Deuteronomy,5-29,0.2576923076923076,29
182,30,-0.2235057403834205,-0.1835123432356762,5,Deuteronomy,5-30,0.2307692307692307,20
183,31,-0.1721079198414126,0.2356313032751308,5,Deuteronomy,5-31,0.2125984251968504,30
184,32,0.0040511247982631,0.1975511821210869,5,Deuteronomy,5-32,0.1970074812967581,52
185,33,0.0185920686771456,0.2583973741619971,5,Deuteronomy,5-33,0.2479674796747967,29
186,34,-0.1080621997484892,0.5202744235876468,5,Deuteronomy,5-34,0.3,12
187,1,-0.2078446478356279,-0.2400411782415488,6,Joshua,6-1,0.2827586206896552,18
188,2,-0.2568162469279554,-0.0233690025707068,6,Joshua,6-2,0.2892561983471074,24
189,3,-0.2837233918993691,-0.208571427580828,6,Joshua,6-3,0.3333333333333333,17
190,4,-0.3104355545929691,-0.1200460440254591,6,Joshua,6-4,0.2389380530973451,24
191,5,-0.226204906502083,-0.0633791511034615,6,Joshua,6-5,0.3416666666666667,15
192,6,-0.2579468149694417,-0.0702481781955328,6,Joshua,6-6,0.2139303482587064,27
193,7,-0.2994982372411481,-0.0264037001619171,6,Joshua,6-7,0.2,26
194,8,-0.2599659548718555,0.2125902927579566,6,Joshua,6-8,0.1762295081967213,35
195,9,-0.2661121686702607,-0.0123314563347412,6,Joshua,6-9,0.1898148148148148,27
196,10,-0.2169737488973269,0.5469026009644903,6,Joshua,6-10,0.2164634146341463,43
197,11,-0.0926797630298317,0.3839170114806515,6,Joshua,6-11,0.1888111888111888,23
198,12,0.1132495180004941,0.7252637760474108,6,Joshua,6-12,0.7384615384615385,24
199,13,0.3616277637372683,0.0835759952509938,6,Joshua,6-13,0.3150684931506849,33
200,14,-0.0121361956077776,-0.1768257485316246,6,Joshua,6-14,0.2869565217391304,15
201,15,0.5461488601676542,-0.0399190976050872,6,Joshua,6-15,0.4210526315789473,63
202,16,0.5676237746250822,-0.1148975527058151,6,Joshua,6-16,0.4,10
203,17,0.3512176666480039,-0.099994701410871,6,Joshua,6-17,0.3877551020408163,18
204,18,0.4513464063809934,-0.1356396896992846,6,Joshua,6-18,0.28,28
205,19,0.594573389820811,-0.0866476209915766,6,Joshua,6-19,0.1964285714285714,51
206,20,0.0393275961414519,0.0912363461427246,6,Joshua,6-20,0.1282051282051282,9
207,21,0.2727502867847342,-0.0012085896968091,6,Joshua,6-21,0.2886597938144329,45
208,22,-0.1027241678616006,-0.1897010337601952,6,Joshua,6-22,0.2272727272727272,34
209,23,-0.2642954628972653,-0.2822449765004702,6,Joshua,6-23,0.2290748898678414,16
210,24,-0.2405080005019804,-0.152016873528298,6,Joshua,6-24,0.2065217391304347,33
211,1,-0.0407059368722279,0.1180135564284711,7,Judges,7-1,0.2678571428571428,36
212,2,-0.2329872052027713,-0.0343204515961785,7,Judges,7-2,0.1837606837606837,23
213,3,-0.3013169478487089,0.0264320946575561,7,Judges,7-3,0.2292993630573248,31
214,4,-0.1062995251731951,-0.1476871025510799,7,Judges,7-4,0.2527472527472527,24
215,5,-0.0847986489313693,-0.1869429417751215,7,Judges,7-5,0.2008196721311475,31
216,6,-0.0111947871757637,-0.3083653936061057,7,Judges,7-6,0.2022160664819944,40
217,7,0.0771016090166656,-0.3822137757103198,7,Judges,7-7,0.1869918699186991,25
218,8,0.0590636527707824,-0.2986782794234111,7,Judges,7-8,0.1361702127659574,35
219,9,0.1368474588707672,-0.0046566601108426,7,Judges,7-9,0.1710144927536231,57
220,10,-0.414573508759878,0.1091285824160776,7,Judges,7-10,0.1415929203539823,18
221,11,-0.4123152769963066,0.15356712542487,7,Judges,7-11,0.3017241379310345,40
222,12,-0.2774529160831903,0.1573518434430859,7,Judges,7-12,0.1111111111111111,15
223,13,0.1428352790210912,-0.1814978417609465,7,Judges,7-13,0.2095238095238095,25
224,14,0.3489435236250651,-0.0844734454825668,7,Judges,7-14,0.26875,20
225,15,0.3925438915104048,-0.1767711274082926,7,Judges,7-15,0.1739130434782608,20
226,16,0.4169351292014059,-0.1802553177297401,7,Judges,7-16,0.1682242990654205,31
227,17,0.3740216832305501,0.6196983560430379,7,Judges,7-17,0.2527472527472527,13
228,18,0.2655846329079018,0.588637787320955,7,Judges,7-18,0.2928571428571428,31
229,19,0.1794545058692553,0.0839171934904862,7,Judges,7-19,0.2892561983471074,30
230,20,-0.2757652337757448,0.0761060200063523,7,Judges,7-20,0.1346153846153846,48
231,21,-0.235921379204734,0.0530097779237131,7,Judges,7-21,0.2482269503546099,25
232,1,-0.311363702789967,0.6192767505851305,8,Ruth,8-1,0.2454545454545454,22
233,2,-0.1760391005402038,-0.2752900050031931,8,Ruth,8-2,0.2823529411764706,23
234,3,-0.2299191432932525,-0.4128914416427502,8,Ruth,8-3,0.3466666666666667,18
235,4,0.7173219466234234,0.0689046960608129,8,Ruth,8-4,0.2626262626262626,22
236,1,-0.3082813153289525,0.0077879444554066,9,1 Samuel,9-1,0.2123893805309734,28
237,2,-0.3159351865357957,-0.0416442735564925,9,1 Samuel,9-2,0.2234332425068119,36
238,3,-0.3805310130970374,-0.1678252941885172,9,1 Samuel,9-3,0.2191011235955056,21
239,4,-0.3119279291107883,0.4278868453026123,9,1 Samuel,9-4,0.1626794258373205,22
240,5,-0.3290646664993517,0.6259961035699745,9,1 Samuel,9-5,0.1259259259259259,12
241,6,-0.3120226786721218,0.503986277932729,9,1 Samuel,9-6,0.2185792349726776,21
242,7,-0.4135895073768555,0.1304716209595658,9,1 Samuel,9-7,0.2,17
243,8,-0.2894247230523623,-0.2395642018938587,9,1 Samuel,9-8,0.3676470588235294,22
244,9,-0.1469498428095049,-0.2655141057306204,9,1 Samuel,9-9,0.2318840579710145,27
245,10,-0.2248567653505791,-0.2477959127166924,9,1 Samuel,9-10,0.2645161290322581,27
246,11,-0.1376743264382782,-0.1364370185660692,9,1 Samuel,9-11,0.175438596491228,15
247,12,-0.3165055696921121,-0.1729061452746004,9,1 Samuel,9-12,0.2282608695652173,25
248,13,-0.1524858469929915,-0.0953967744271254,9,1 Samuel,9-13,0.217391304347826,23
249,14,-0.0319265723492819,-0.117215596165584,9,1 Samuel,9-14,0.1759465478841871,52
250,15,-0.2166392052498909,-0.3230157644150673,9,1 Samuel,9-15,0.1925287356321839,35
251,16,-0.0672196852052886,-0.2370086026541979,9,1 Samuel,9-16,0.2487046632124352,23
252,17,0.3028215084519576,0.074986971111289,9,1 Samuel,9-17,0.1461038961038961,58
253,18,0.505186557217683,-0.0211908868425846,9,1 Samuel,9-18,0.2714285714285714,30
254,19,0.3552959383537724,-0.1060885818163334,9,1 Samuel,9-19,0.1602209944751381,24
255,20,0.2372117672175336,-0.0218479840018544,9,1 Samuel,9-20,0.1492957746478873,42
256,21,0.3088114102549431,0.0554142868632035,9,1 Samuel,9-21,0.3076923076923077,15
257,22,0.1982373789965925,-0.0849228270408058,9,1 Samuel,9-22,0.2333333333333333,23
258,23,0.3910017311546816,0.0293630547696489,9,1 Samuel,9-23,0.2263157894736842,28
259,24,0.2906045415594279,-0.0833338266690514,9,1 Samuel,9-24,0.1933701657458563,23
260,25,0.2003764968879899,0.0905493842974188,9,1 Samuel,9-25,0.1812080536912751,44
261,26,0.313644047596723,-0.0714000962125088,9,1 Samuel,9-26,0.2055335968379446,25
262,27,0.3944097412872504,0.2414056042353775,9,1 Samuel,9-27,0.3333333333333333,12
263,28,-0.0046991792434664,-0.1947892371312849,9,1 Samuel,9-28,0.191860465116279,25
264,29,0.1518811132096761,0.2109646146637321,9,1 Samuel,9-29,0.1808510638297872,11
265,30,0.3476281011224295,0.1617020243930705,9,1 Samuel,9-30,0.2347826086956521,31
266,31,-0.0373763203060024,0.06738239674922,9,1 Samuel,9-31,0.1159420289855072,13
267,1,-0.1204347755445003,0.0949803713796985,10,2 Samuel,10-1,0.1625,27
268,2,-0.2312262167218702,0.5285757805772598,10,2 Samuel,10-2,0.2230215827338129,32
269,3,-0.2296803262570922,0.5092486257765853,10,2 Samuel,10-3,0.2022058823529411,39
270,4,-0.3360959941915845,0.4505652990665185,10,2 Samuel,10-4,0.125,12
271,5,-0.1683416217316879,-0.0878415032691028,10,2 Samuel,10-5,0.308411214953271,25
272,6,-0.204948046353617,-0.2829010210437207,10,2 Samuel,10-6,0.216589861751152,23
273,7,-0.001860465215624,-0.2804929576128627,10,2 Samuel,10-7,0.2191235059760956,29
274,8,-0.3349956067496252,-0.2683839617255328,10,2 Samuel,10-8,0.3661971830985915,18
275,9,0.1403569725912091,0.1271634714860828,10,2 Samuel,10-9,0.3888888888888889,13
276,10,-0.2331499351336443,-0.251638960658348,10,2 Samuel,10-10,0.2087912087912088,19
277,11,-0.0677544149603959,-0.0849538498763189,10,2 Samuel,10-11,0.1616766467065868,27
278,12,-0.136412388559184,-0.1764436269722546,10,2 Samuel,10-12,0.2407407407407407,31
279,13,0.3091535868706798,0.0395093038798214,10,2 Samuel,10-13,0.2482014388489208,39
280,14,0.4270187763447902,0.0305371381281957,10,2 Samuel,10-14,0.2485380116959064,33
281,15,0.4014154532109542,-0.044255454206304,10,2 Samuel,10-15,0.3148148148148148,37
282,16,0.385592512930954,0.0382768574805856,10,2 Samuel,10-16,0.2681159420289855,23
283,17,0.3021676043359312,0.0099823926684059,10,2 Samuel,10-17,0.2266666666666666,29
284,18,0.3456907743873442,0.0675429685576788,10,2 Samuel,10-18,0.2604651162790697,33
285,19,0.3574532135183175,0.0149360223091803,10,2 Samuel,10-19,0.2976190476190476,43
286,20,0.070208991399613,0.0823989042534712,10,2 Samuel,10-20,0.2477064220183486,26
287,21,-0.2142389489760477,0.0903548978954007,10,2 Samuel,10-21,0.1598173515981735,22
288,22,-0.2015276513379158,-0.3330099264276285,10,2 Samuel,10-22,0.210958904109589,51
289,23,-0.3055780250049509,-0.107613569677022,10,2 Samuel,10-23,0.1868686868686868,39
290,24,0.047186531147948,-0.1665372019897893,10,2 Samuel,10-24,0.2264957264957265,25
291,1,-0.0834412924996013,-0.2345499555861843,11,1 Kings,11-1,0.3632286995515695,53
292,2,-0.1700688930596606,-0.1493765899221285,11,1 Kings,11-2,0.2364532019704433,46
293,3,-0.0751186677798822,-0.0161970551722833,11,1 Kings,11-3,0.2755555555555555,28
294,4,0.2833038077397427,-0.1688768088261666,11,1 Kings,11-4,0.40625,34
295,5,0.3786234284875654,-0.0514114717111204,11,1 Kings,11-5,0.3153153153153153,18
296,6,0.6423306848973043,0.3779662396577082,11,1 Kings,11-6,0.4927536231884058,38
297,7,0.630023646592725,0.364454018504228,11,1 Kings,11-7,0.3023255813953488,51
298,8,-0.0451874910066409,0.0153083245482513,11,1 Kings,11-8,0.2536496350364963,66
299,9,0.2728123909824698,-0.1741422019248233,11,1 Kings,11-9,0.3576158940397351,28
300,10,0.3352585962946775,-0.1145572578169922,11,1 Kings,11-10,0.45,29
301,11,0.0173385450114083,-0.2286854794814919,11,1 Kings,11-11,0.2283464566929134,43
302,12,-0.1284717905570359,-0.1517096255486371,11,1 Kings,11-12,0.263803680981595,33
303,13,-0.253709139395279,0.1647197943441728,11,1 Kings,11-13,0.2320916905444126,34
304,14,-0.1274764386540497,-0.2355717107279481,11,1 Kings,11-14,0.2304832713754646,31
305,15,-0.0379675784709861,-0.4360705803348214,11,1 Kings,11-15,0.2903225806451613,34
306,16,-0.0720751215402074,-0.3272876627306987,11,1 Kings,11-16,0.2169117647058823,34
307,17,-0.3209438296453521,0.3974304449362305,11,1 Kings,11-17,0.2028985507246377,24
308,18,-0.3316187964363563,0.4577922093484554,11,1 Kings,11-18,0.1884498480243161,46
309,19,-0.3230779646742345,0.364597836780646,11,1 Kings,11-19,0.1858407079646017,21
310,20,-0.2184722747580998,0.008148044960781,11,1 Kings,11-20,0.2712550607287449,43
311,21,-0.147436218622996,0.2767312222995124,11,1 Kings,11-21,0.1666666666666666,29
312,22,-0.224625602905511,-0.1387117355966897,11,1 Kings,11-22,0.3012987012987013,53
313,1,0.3401673176761648,-0.0218663737882208,12,2 Kings,12-1,0.2446808510638297,18
314,2,0.4614411309283722,0.0160650656182939,12,2 Kings,12-2,0.2519685039370078,25
315,3,0.1232901973531411,-0.1356423521160848,12,2 Kings,12-3,0.2755555555555555,27
316,4,0.4311234700220308,0.025334716369204,12,2 Kings,12-4,0.2434456928838951,44
317,5,0.3349510539204883,0.0033754920989021,12,2 Kings,12-5,0.248780487804878,27
318,6,0.401571503250793,-0.0566376274837549,12,2 Kings,12-6,0.2085106382978723,33
319,7,0.2838331094236012,0.0461291655853085,12,2 Kings,12-7,0.2153846153846154,20
320,8,0.1081182683105375,-0.2512654071882055,12,2 Kings,12-8,0.2803738317757009,29
321,9,0.3455404428185902,-0.1449329400818627,12,2 Kings,12-9,0.2907488986784141,37
322,10,0.2518380700251599,-0.1524128736152811,12,2 Kings,12-10,0.2175925925925926,36
323,11,-0.1411813129345009,0.0271677734853838,12,2 Kings,12-11,0.2627118644067797,21
324,12,-0.2624940366529112,-0.0124900612628051,12,2 Kings,12-12,0.2685185185185185,21
325,13,-0.0457281192551478,-0.4157092684677251,12,2 Kings,12-13,0.2256097560975609,25
326,14,-0.3188360465257471,-0.3926144162069684,12,2 Kings,12-14,0.234375,29
327,15,-0.3499609286856699,-0.3066344697952476,12,2 Kings,12-15,0.2719298245614035,38
328,16,-0.2593171644851885,-0.0084604957699247,12,2 Kings,12-16,0.3539823008849557,20
329,17,-0.202068410761506,0.1028989341196078,12,2 Kings,12-17,0.2294117647058823,41
330,18,-0.1894669747575485,0.4182112648147223,12,2 Kings,12-18,0.3181818181818182,37
331,19,-0.0157007004275206,0.4931319080042728,12,2 Kings,12-19,0.2212389380530973,37
332,20,0.0420397139510543,0.5490772946666478,12,2 Kings,12-20,0.2662337662337662,21
333,21,-0.3129425104618324,-0.0663732223873096,12,2 Kings,12-21,0.2,26
334,22,-0.1846517201412507,0.1716492080802476,12,2 Kings,12-22,0.2610837438423645,20
335,23,-0.3028636085894415,-0.0155436813094368,12,2 Kings,12-23,0.2478873239436619,37
336,24,-0.3236488942745362,0.0444334262118151,12,2 Kings,12-24,0.3006535947712418,20
337,25,-0.2150538497271321,0.083108940418421,12,2 Kings,12-25,0.3194444444444444,30
338,1,-0.3120160165487882,0.0112339949991644,13,1 Chronicles,13-1,0.1794871794871795,54
339,2,-0.4036308206536546,-0.0910023728961305,13,1 Chronicles,13-2,0.0962962962962963,55
340,3,-0.4201658034347594,0.0007084453071063,13,1 Chronicles,13-3,0.2666666666666666,24
341,4,-0.3959840713373563,-0.125903727021943,13,1 Chronicles,13-4,0.1881188118811881,43
342,5,-0.2301933675015592,-0.1799630516241801,13,1 Chronicles,13-5,0.2333333333333333,26
343,6,-0.3251906524665909,0.0165684687529871,13,1 Chronicles,13-6,0.1935483870967742,81
344,7,-0.4193590379818995,-0.08588322706278,13,1 Chronicles,13-7,0.15,40
345,8,-0.4273550049102946,-0.0959735516783504,13,1 Chronicles,13-8,0.05,40
346,9,-0.3568091660418198,0.0244091066016999,13,1 Chronicles,13-9,0.2446808510638297,44
347,10,0.1230130638564799,-0.2984498988138457,13,1 Chronicles,13-10,0.146067415730337,14
348,11,0.1436473815472192,-0.2978449873395974,13,1 Chronicles,13-11,0.2146892655367231,47
349,12,0.1129987057160655,-0.2742829248733535,13,1 Chronicles,13-12,0.2763157894736842,40
350,13,0.3465787250937044,0.0752648916996639,13,1 Chronicles,13-13,0.2,14
351,14,0.2663999417204434,-0.2694168426723597,13,1 Chronicles,13-14,0.2,17
352,15,0.1563131663901312,0.2603141098124003,13,1 Chronicles,13-15,0.2954545454545454,29
353,16,0.3943624328925046,0.320732414827186,13,1 Chronicles,13-16,0.2987421383647798,43
354,17,0.4073059520952042,0.1331713419912282,13,1 Chronicles,13-17,0.203125,27
355,18,0.1943009284708766,-0.3287684802979009,13,1 Chronicles,13-18,0.4074074074074074,17
356,19,0.2331864412990254,-0.4290053945747513,13,1 Chronicles,13-19,0.2395833333333333,19
357,20,0.1518759872543121,-0.4115057413846014,13,1 Chronicles,13-20,0.1428571428571428,8
358,21,0.4197259401993877,-0.0226831517431076,13,1 Chronicles,13-21,0.1936507936507936,30
359,22,0.4725657173461212,0.2054026527836756,13,1 Chronicles,13-22,0.2731277533039647,19
360,23,-0.1026486405347072,0.4309112355289119,13,1 Chronicles,13-23,0.2788461538461538,32
361,24,-0.2875970056440067,0.3786525266493447,13,1 Chronicles,13-24,0.3469387755102041,31
362,25,-0.1831370933381794,0.393263702788153,13,1 Chronicles,13-25,0.296875,31
363,26,-0.1916473830549727,0.2549535807892395,13,1 Chronicles,13-26,0.3516483516483517,32
364,27,-0.1251714991119914,-0.0165076966347319,13,1 Chronicles,13-27,0.5967741935483871,34
365,28,0.3444807669310042,0.2321133861856366,13,1 Chronicles,13-28,0.2596899224806202,21
366,29,0.4141504117480988,0.189491189901236,13,1 Chronicles,13-29,0.3420195439739413,30
367,1,0.2745820881187024,0.1201934335856359,14,2 Chronicles,14-1,0.3243243243243243,17
368,2,0.2488734324649264,0.1710547435597955,14,2 Chronicles,14-2,0.3397435897435897,18
369,3,0.420243093800272,0.4506325331532424,14,2 Chronicles,14-3,0.3709677419354839,17
370,4,0.3913671890395047,0.4341796727238283,14,2 Chronicles,14-4,0.4074074074074074,22
371,5,0.4097094596174937,-0.1389861426839841,14,2 Chronicles,14-5,0.3673469387755102,14
372,6,0.1340049567352664,-0.1778798447432284,14,2 Chronicles,14-6,0.225201072386059,42
373,7,0.3107326793757527,-0.2798991647230927,14,2 Chronicles,14-7,0.2901554404145077,22
374,8,0.3520426432949409,0.0260306347430352,14,2 Chronicles,14-8,0.3768115942028985,18
375,9,0.3245323452479985,0.3221846734068409,14,2 Chronicles,14-9,0.4522292993630573,31
376,10,-0.0569297046853978,0.0933767877444941,14,2 Chronicles,14-10,0.25,19
377,11,-0.1169501439509538,0.120855495056573,14,2 Chronicles,14-11,0.2933333333333333,23
378,12,-0.1157538711904821,0.116264075478021,14,2 Chronicles,14-12,0.3017241379310345,16
379,13,-0.0844899666380902,0.0143746148909726,14,2 Chronicles,14-13,0.2134831460674157,22
380,14,-0.2813300566803306,0.1231956374483932,14,2 Chronicles,14-14,0.2837837837837837,15
381,15,-0.1598046932135478,-0.0302557464606372,14,2 Chronicles,14-15,0.2222222222222222,19
382,16,-0.2037230582639162,0.1896505486258943,14,2 Chronicles,14-16,0.2406015037593984,14
383,17,-0.2513857855776355,0.1625577552856345,14,2 Chronicles,14-17,0.2857142857142857,19
384,18,-0.2290932837234482,0.0071444099942783,14,2 Chronicles,14-18,0.2891156462585034,34
385,19,-0.1706270660963816,-0.1530884708980364,14,2 Chronicles,14-19,0.2262773722627737,11
386,20,-0.2521590428765445,-0.0785770895676059,14,2 Chronicles,14-20,0.2414772727272727,37
387,21,-0.2910137475570669,0.1399270210946722,14,2 Chronicles,14-21,0.1481481481481481,20
388,22,-0.2756769633076347,0.2135702378589415,14,2 Chronicles,14-22,0.2012987012987013,12
389,23,0.0066399301027904,-0.2068544476632165,14,2 Chronicles,14-23,0.2914572864321608,21
390,24,-0.0674172926253515,-0.1655526644799245,14,2 Chronicles,14-24,0.2113095238095238,27
391,25,-0.2006479198489169,0.0742146558313901,14,2 Chronicles,14-25,0.1940298507462686,28
392,26,-0.0725585167782025,0.1671553730534418,14,2 Chronicles,14-26,0.2678571428571428,23
393,27,-0.1322054501232661,0.2883141102637667,14,2 Chronicles,14-27,0.3414634146341463,9
394,28,-0.1678090891081086,-0.0992881673990655,14,2 Chronicles,14-28,0.2142857142857142,27
395,29,0.1778517330954821,-0.3885920415225692,14,2 Chronicles,14-29,0.2523961661341853,36
396,30,0.1057225737259918,-0.4291542950336393,14,2 Chronicles,14-30,0.2995951417004048,27
397,31,0.081907731739129,-0.2718132872863869,14,2 Chronicles,14-31,0.3225806451612903,21
398,32,-0.1047614846125411,-0.1250059533815739,14,2 Chronicles,14-32,0.2345276872964169,33
399,33,-0.0428102854214768,-0.1598679103182814,14,2 Chronicles,14-33,0.200836820083682,25
400,34,-0.0692723396253185,-0.2095745205914435,14,2 Chronicles,14-34,0.2492836676217765,33
401,35,0.1677219829555373,-0.2648904413236166,14,2 Chronicles,14-35,0.2340425531914893,27
402,36,-0.059512077409176,-0.0555962257225494,14,2 Chronicles,14-36,0.2763636363636363,23
403,1,-0.2114131866443368,0.2355931347265851,15,Ezra,15-1,0.3557692307692308,11
404,2,0.6262577102990817,0.7348437304718962,15,Ezra,15-2,0.4,70
405,3,0.1564475816986822,-0.3062178570229424,15,Ezra,15-3,0.2580645161290322,13
406,4,-0.4262852146426243,0.1562999170286811,15,Ezra,15-4,0.3985507246376811,24
407,5,-0.5121391954464198,0.0929159678331713,15,Ezra,15-5,0.3656716417910448,17
408,6,-0.3012438721160985,0.0275809559223957,15,Ezra,15-6,0.3028846153846153,22
409,7,-0.1107866336249091,-0.0691840141939888,15,Ezra,15-7,0.3038461538461538,28
410,8,0.2956391597453392,-0.2169881459933699,15,Ezra,15-8,0.2588832487309644,36
411,9,0.1332878343966172,-0.211438132613351,15,Ezra,15-9,0.1415094339622641,15
412,10,0.3502358163346676,-0.4434055561590779,15,Ezra,15-10,0.2080536912751678,44
413,1,-0.324273360772289,0.1907788596902632,16,Nehemiah,16-1,0.2093023255813953,11
414,2,-0.373446871411767,-0.3030609904370713,16,Nehemiah,16-2,0.3157894736842105,20
415,3,0.5128345090483888,-0.4040612716969286,16,Nehemiah,16-3,0.4234234234234234,32
416,4,-0.2914960553520875,-0.3781581031034825,16,Nehemiah,16-4,0.1928571428571428,23
417,5,-0.339071301044986,-0.0527054071985617,16,Nehemiah,16-5,0.2283464566929134,19
418,6,-0.1934652977846181,-0.400924934421183,16,Nehemiah,16-6,0.2148148148148148,19
419,7,0.2554468091584539,0.1706101652532086,16,Nehemiah,16-7,0.3235294117647059,73
420,8,-0.0216132037201965,0.3539403072121469,16,Nehemiah,16-8,0.2708333333333333,18
421,9,-0.3188962593343461,0.2459053329087251,16,Nehemiah,16-9,0.2987012987012987,38
422,10,0.1580392607739715,0.4924082886819206,16,Nehemiah,16-10,0.2394366197183098,39
423,11,0.6290527377400453,-0.1602108364779474,16,Nehemiah,16-11,0.3137254901960784,36
424,12,0.4120004725870339,0.0802271651886815,16,Nehemiah,16-12,0.3032786885245901,47
425,13,-0.1051114398876026,0.1652514244002288,16,Nehemiah,16-13,0.2376681614349775,31
426,1,0.0741907061448276,0.1458928618213389,17,Esther,17-1,0.396694214876033,22
427,2,-0.1559941821419826,0.0464166755916657,17,Esther,17-2,0.4038461538461538,23
428,3,0.1413534413609943,-0.3021435862025812,17,Esther,17-3,0.44,15
429,4,-0.0363655130172008,-0.0569442733929069,17,Esther,17-4,0.2772277227722772,17
430,5,-0.4379489971440833,0.0181546496291087,17,Esther,17-5,0.4556962025316455,14
431,6,-0.4054907238203097,0.0968957414704715,17,Esther,17-6,0.48,14
432,7,-0.4072855900652451,0.0041259953078043,17,Esther,17-7,0.2244897959183673,10
433,8,0.2291288659298423,-0.3143319396650456,17,Esther,17-8,0.2857142857142857,17
434,9,0.5184173677969468,-0.4093184014151944,17,Esther,17-9,0.1697247706422018,32
435,10,0.47999462495621,0.7712522768553394,17,Esther,17-10,0.4545454545454545,3
436,1,0.6957400325382591,0.2812833109486555,18,Job,18-1,0.2486486486486486,22
437,2,0.616714241846723,0.3266224742948145,18,Job,18-2,0.1627906976744186,13
438,3,-0.0890416841083058,-0.0639882039739132,18,Job,18-3,0.217391304347826,26
439,4,0.0902603719391502,-0.129066476919088,18,Job,18-4,0.1965811965811965,21
440,5,-0.0727215829891408,-0.1328443107753406,18,Job,18-5,0.15625,27
441,6,-0.287910757988847,0.2556545571312937,18,Job,18-6,0.1893491124260355,30
442,7,-0.1630802600445578,0.1000979942466643,18,Job,18-7,0.119047619047619,21
443,8,-0.0698552662019278,-0.1334783723774202,18,Job,18-8,0.2314814814814814,22
444,9,-0.2177867130487896,0.190272009441101,18,Job,18-9,0.1604938271604938,35
445,10,-0.2824662930599099,0.3153514015374038,18,Job,18-10,0.1538461538461538,22
446,11,-0.0575028256112313,0.0497039302343713,18,Job,18-11,0.1875,20
447,12,0.0979798516800971,-0.241358608527908,18,Job,18-12,0.296,25
448,13,-0.2047381417242895,0.1812589788335627,18,Job,18-13,0.2210526315789473,28
449,14,-0.1704307266388461,-0.0463788311726323,18,Job,18-14,0.1403508771929824,22
450,15,-0.0235222859244938,-0.156547820929312,18,Job,18-15,0.1645021645021645,35
451,16,-0.1597883608279328,0.1709922227901467,18,Job,18-16,0.1008403361344537,22
452,17,-0.1409239337110848,0.0209157720381651,18,Job,18-17,0.2142857142857142,16
453,18,0.0740358519341868,-0.3064064116921849,18,Job,18-18,0.2133333333333333,21
454,19,-0.1405357352936193,0.2940522725150351,18,Job,18-19,0.1140939597315436,29
455,20,-0.0698349754769274,-0.2467428718559022,18,Job,18-20,0.1929824561403508,29
456,21,-0.1129365149141876,-0.0375296652746892,18,Job,18-21,0.189873417721519,34
457,22,0.0311296597143791,-0.0968748293664842,18,Job,18-22,0.2323943661971831,30
458,23,-0.2708916688917414,0.3209580956170103,18,Job,18-23,0.2972972972972973,17
459,24,-0.0351974713025519,-0.18464690786965,18,Job,18-24,0.1401273885350318,25
460,25,0.1374690695857858,-0.1471276673543125,18,Job,18-25,0.24,6
461,26,0.1379511606926952,-0.2454403660838728,18,Job,18-26,0.3043478260869565,14
462,27,-0.0826910953368987,-0.0904614875938818,18,Job,18-27,0.1666666666666666,23
463,28,0.0981191632607486,-0.2383047608826861,18,Job,18-28,0.3069306930693069,28
464,29,0.0172852802148765,0.1967628115654244,18,Job,18-29,0.2613636363636363,25
465,30,-0.1457611934369657,0.1110141208028546,18,Job,18-30,0.1156462585034013,31
466,31,-0.227810049531933,0.2875393220106607,18,Job,18-31,0.1715481171548117,40
467,32,0.1327626991374128,0.1370877533099385,18,Job,18-32,0.2959183673469387,22
468,33,-0.0537212947858145,0.0658747760563379,18,Job,18-33,0.2243589743589743,33
469,34,-0.0686313575691135,0.0191569323936946,18,Job,18-34,0.2195121951219512,37
470,35,0.086899406448762,0.0693966249059797,18,Job,18-35,0.2045454545454545,16
471,36,0.074506068376895,-0.1265905579081117,18,Job,18-36,0.2142857142857142,33
472,37,0.027710032444843,-0.2867653274770721,18,Job,18-37,0.2948717948717949,24
473,38,0.1495303903747153,-0.2350403557761157,18,Job,18-38,0.2536231884057971,38
474,39,0.0429074528319645,-0.2810400689911622,18,Job,18-39,0.2122905027932961,38
475,40,-0.0112278901141869,-0.1513451936947726,18,Job,18-40,0.217391304347826,28
476,41,0.0300432695212399,-0.1644144739443271,18,Job,18-41,0.1851851851851851,25
477,42,0.617964075990563,0.3483982097677251,18,Job,18-42,0.2946428571428571,17
478,1,0.0193587493328487,-0.2667653354665871,19,Psalms,19-1,0.2222222222222222,6
479,2,0.0698334914686861,0.0499025279303558,19,Psalms,19-2,0.1951219512195122,12
480,3,-0.1946693739357982,-0.0508633238806877,19,Psalms,19-3,0.265625,8
481,4,-0.0603759473293921,0.0620118049610876,19,Psalms,19-4,0.2465753424657534,8
482,5,-0.2093134673646287,-0.0945552252147288,19,Psalms,19-5,0.1925925925925926,12
483,6,-0.194480019924512,-0.0834554759705895,19,Psalms,19-6,0.1604938271604938,10
484,7,-0.1250852928121356,-0.0547197494901247,19,Psalms,19-7,0.1437125748502994,17
485,8,0.08573378958923,-0.0286705384912864,19,Psalms,19-8,0.2333333333333333,9
486,9,0.0060490287117857,0.0032040863331632,19,Psalms,19-9,0.2479338842975206,20
487,10,-0.121270734940573,-0.1122733258733435,19,Psalms,19-10,0.1521739130434782,18
488,11,-0.019321787056384,-0.2377772581904945,19,Psalms,19-11,0.2272727272727272,7
489,12,-0.0055545348647957,-0.0924674467380436,19,Psalms,19-12,0.2394366197183098,8
490,13,-0.208013126669511,0.000496933990807,19,Psalms,19-13,0.2105263157894736,6
491,14,-0.0435623349526807,0.0086923474702009,19,Psalms,19-14,0.1951219512195122,7
492,15,0.0910723494990661,-0.1854853863059763,19,Psalms,19-15,0.2608695652173913,5
493,16,-0.0640367425944586,-0.0537126776585479,19,Psalms,19-16,0.2954545454545454,11
494,17,-0.2571198615052458,-0.0300553883968552,19,Psalms,19-17,0.22,15
495,18,-0.0976278748777311,-0.0832216136632816,19,Psalms,19-18,0.2176308539944903,50
496,19,0.0193894663228072,-0.1465723015643206,19,Psalms,19-19,0.2794117647058823,14
497,20,0.0489366730616562,0.0844329303561332,19,Psalms,19-20,0.3,9
498,21,0.0231218988837341,-0.0082317086539588,19,Psalms,19-21,0.3,13
499,22,-0.1359634963757906,-0.0065892314158393,19,Psalms,19-22,0.1866028708133971,31
500,23,-0.0044273525881619,-0.1464412665217883,19,Psalms,19-23,0.2727272727272727,6
501,24,0.1452691977764057,-0.0240895014478475,19,Psalms,19-24,0.3176470588235294,10
502,25,-0.2013811825561188,-0.1832356055777399,19,Psalms,19-25,0.2527472527472527,22
503,26,-0.069714354086604,-0.1609970762291339,19,Psalms,19-26,0.2528735632183908,12
504,27,-0.2898967319994379,-0.126741475449428,19,Psalms,19-27,0.213235294117647,14
505,28,-0.058464475593503,-0.1684997738473092,19,Psalms,19-28,0.2323232323232323,9
506,29,0.2780823965243175,-0.1726332309682386,19,Psalms,19-29,0.2602739726027397,11
507,30,0.0397206537116,-0.1008577145905111,19,Psalms,19-30,0.2815533980582524,12
508,31,-0.3438873650328352,-0.1301208813061903,19,Psalms,19-31,0.2364532019704433,24
509,32,-0.141880609215897,-0.0839803020647581,19,Psalms,19-32,0.1818181818181818,11
510,33,0.2001774187332882,-0.1506610301886083,19,Psalms,19-33,0.2802547770700637,22
511,34,-0.0419321714939391,-0.3085389298905952,19,Psalms,19-34,0.2,22
512,35,-0.2528866584713115,-0.0616225779638714,19,Psalms,19-35,0.1877934272300469,28
513,36,-0.1277692521534066,-0.1530486777961668,19,Psalms,19-36,0.1769911504424778,12
514,37,-0.0729117033333796,-0.3122452363118267,19,Psalms,19-37,0.1942857142857142,40
515,38,-0.3526867392699687,-0.0985120983528135,19,Psalms,19-38,0.1224489795918367,22
516,39,-0.205141966182192,-0.0409277758391506,19,Psalms,19-39,0.1720430107526881,13
517,40,-0.1994954679593825,0.0098473943893055,19,Psalms,19-40,0.2294117647058823,17
518,41,-0.2748639836562639,-0.1773526986297894,19,Psalms,19-41,0.205607476635514,13
519,42,-0.2445548606168423,0.2296732065717374,19,Psalms,19-42,0.1875,11
520,43,-0.1293781352576698,0.2856193614534258,19,Psalms,19-43,0.2325581395348837,5
521,44,-0.01628659891638,0.3820610662275943,19,Psalms,19-44,0.1466666666666666,26
522,45,0.0592730024229431,0.0923354935728512,19,Psalms,19-45,0.3305785123966942,17
523,46,0.1067412296065219,0.2512515955027206,19,Psalms,19-46,0.2087912087912088,11
524,47,0.2420643321724864,0.3865431782347295,19,Psalms,19-47,0.2926829268292683,9
525,48,0.0672442091961679,0.164104149750056,19,Psalms,19-48,0.3,14
526,49,-0.1090653260058982,0.0130659708534315,19,Psalms,19-49,0.1858407079646017,20
527,50,-0.0936101287919279,0.1631189970358966,19,Psalms,19-50,0.1954022988505747,23
528,51,-0.2025075620839503,0.0817165843885409,19,Psalms,19-51,0.2043010752688172,19
529,52,-0.0920099225121774,0.0211918138968287,19,Psalms,19-52,0.2142857142857142,9
530,53,-0.1092184886934255,0.1968163646720916,19,Psalms,19-53,0.1612903225806451,6
531,54,-0.178222430802535,0.1862590556616025,19,Psalms,19-54,0.1948051948051948,7
532,55,-0.3884667758833717,0.0210123341948947,19,Psalms,19-55,0.1047619047619047,23
533,56,-0.264614715713056,0.1282423172119325,19,Psalms,19-56,0.1679389312977099,13
534,57,-0.0709253999552146,0.1726676038873262,19,Psalms,19-57,0.2574257425742574,11
535,58,-0.0377073781339188,-0.0314798055128701,19,Psalms,19-58,0.1538461538461538,11
536,59,-0.2056378219347956,0.1990215185507335,19,Psalms,19-59,0.1951219512195122,17
537,60,-0.0153088110397493,0.3644161221299535,19,Psalms,19-60,0.1780821917808219,12
538,61,-0.1347473731505853,0.1850956906091789,19,Psalms,19-61,0.2790697674418604,8
539,62,-0.0942463714284017,0.1264402315595541,19,Psalms,19-62,0.2352941176470588,12
540,63,-0.0662722120835895,0.0878369464003557,19,Psalms,19-63,0.3043478260869565,11
541,64,-0.1369305448439668,-0.0080048986723696,19,Psalms,19-64,0.1829268292682926,10
542,65,0.079137922256342,0.1591877642626685,19,Psalms,19-65,0.3118279569892473,13
543,66,-0.0425041867869756,0.3298744438873153,19,Psalms,19-66,0.2450980392156862,20
544,67,0.2351977189570059,0.4351255428432453,19,Psalms,19-67,0.2777777777777778,7
545,68,0.041779220427142,0.3358684373311144,19,Psalms,19-68,0.2515527950310559,35
546,69,-0.2312201589023957,0.0684051925580904,19,Psalms,19-69,0.175,36
547,70,-0.1484140325462697,0.1589474608858852,19,Psalms,19-70,0.1818181818181818,5
548,71,-0.2107673666224066,0.1096982658293128,19,Psalms,19-71,0.219626168224299,24
549,72,0.0941103097300602,0.0533304175771899,19,Psalms,19-72,0.2622950819672131,20
550,73,-0.2479493605330733,-0.0298119794354838,19,Psalms,19-73,0.1888111888111888,28
551,74,0.0146753033191235,0.1652723944389312,19,Psalms,19-74,0.1568627450980392,23
552,75,0.0552232207842971,0.1019364872511539,19,Psalms,19-75,0.3111111111111111,10
553,76,0.0557123947335745,0.1764125318938899,19,Psalms,19-76,0.2,12
554,77,-0.1115986627435607,0.1579522941490345,19,Psalms,19-77,0.2421052631578947,20
555,78,0.0420571345991141,0.1183293762499753,19,Psalms,19-78,0.1978021978021978,72
556,79,0.0935331512606497,0.2703507644187112,19,Psalms,19-79,0.1494252873563218,13
557,80,0.0406591222702421,0.3614560138062575,19,Psalms,19-80,0.2452830188679245,19
558,81,-0.0224834594541469,0.1695075784474294,19,Psalms,19-81,0.2277227722772277,16
559,82,-0.048269226313295,0.1078755154305819,19,Psalms,19-82,0.2,8
560,83,-0.0040193817493724,0.1802426379054823,19,Psalms,19-83,0.2222222222222222,18
561,84,-0.0082274767172348,0.0605033611709742,19,Psalms,19-84,0.2589928057553957,12
562,85,0.0964965301341171,0.2154453581479993,19,Psalms,19-85,0.2242990654205607,13
563,86,-0.1312838604946343,-0.0450994674131529,19,Psalms,19-86,0.2470588235294117,17
564,87,0.0434840015284744,0.0284137271027531,19,Psalms,19-87,0.3055555555555556,7
565,88,-0.3076811693571569,-0.0229578679176487,19,Psalms,19-88,0.1481481481481481,18
566,89,0.0173106762125872,-0.0408789564303148,19,Psalms,19-89,0.2371794871794871,52
567,90,-0.0230644995813021,0.0842888426484665,19,Psalms,19-90,0.211864406779661,17
568,91,-0.140509545551598,-0.0373042762287973,19,Psalms,19-91,0.1517241379310344,16
569,92,-0.0233621421256372,-0.1602038725466182,19,Psalms,19-92,0.2621359223300971,15
570,93,0.2270165019314249,-0.1484083263496498,19,Psalms,19-93,0.2941176470588235,5
571,94,-0.0669234959068467,-0.0452796692637536,19,Psalms,19-94,0.171875,23
572,95,0.105232885682241,0.2075367122942777,19,Psalms,19-95,0.3157894736842105,11
573,96,0.3101157086939681,-0.0094455317830641,19,Psalms,19-96,0.293103448275862,13
574,97,0.1841472851364008,-0.1232794002424021,19,Psalms,19-97,0.2857142857142857,12
575,98,0.2133400621842821,0.038437830416075,19,Psalms,19-98,0.3243243243243243,9
576,99,0.2494075338861908,0.0399374651133774,19,Psalms,19-99,0.2625,9
577,100,0.3116298238920725,0.0028264964431357,19,Psalms,19-100,0.2982456140350877,5
578,101,-0.2319987003828391,-0.1956809402239305,19,Psalms,19-101,0.1639344262295081,8
579,102,-0.0364202394043144,-0.0678531408467374,19,Psalms,19-102,0.152317880794702,28
580,103,0.2361055516744467,-0.1525883148097426,19,Psalms,19-103,0.2684563758389262,22
581,104,0.1251149694803861,-0.0380889446100976,19,Psalms,19-104,0.2738853503184713,35
582,105,0.1975878473240768,0.0381320273324152,19,Psalms,19-105,0.3189189189189189,45
583,106,0.098025170040979,0.0374009507243388,19,Psalms,19-106,0.2285714285714285,48
584,107,0.158319539246098,-0.0817093587172225,19,Psalms,19-107,0.2390438247011952,43
585,108,0.111202570406329,0.2901259473079172,19,Psalms,19-108,0.2584269662921348,13
586,109,-0.1922479773978854,-0.013188250026748,19,Psalms,19-109,0.1441441441441441,31
587,110,0.1313459845931457,-0.1200849161879804,19,Psalms,19-110,0.35,7
588,111,0.2956738376246803,-0.1765437757634007,19,Psalms,19-111,0.3428571428571428,10
589,112,0.0609675431691945,-0.2701153778989884,19,Psalms,19-112,0.2317073170731707,10
590,113,0.341398347819858,-0.1387550834657062,19,Psalms,19-113,0.2531645569620253,9
591,114,0.0977892170378284,0.0509438167018179,19,Psalms,19-114,0.375,8
592,115,0.2515058340787578,-0.071134191587177,19,Psalms,19-115,0.2554744525547445,18
593,116,0.0173057354063399,-0.2008421867081583,19,Psalms,19-116,0.22,19
594,117,0.3967015508768795,0.071454007483814,19,Psalms,19-117,0.3181818181818182,2
595,118,0.1328398036667678,-0.1977983067764917,19,Psalms,19-118,0.2622950819672131,29
596,119,-0.1301787539876032,-0.110509663698701,19,Psalms,19-119,0.2539863325740319,176
597,120,-0.0572641002405,-0.0483126125555934,19,Psalms,19-120,0.1142857142857142,7
598,121,0.0170768789308529,-0.166586858600559,19,Psalms,19-121,0.1842105263157894,8
599,122,0.0833063809948075,-0.0553846181191663,19,Psalms,19-122,0.2962962962962963,9
600,123,0.1020258970339451,0.1099638889996876,19,Psalms,19-123,0.3636363636363636,4
601,124,0.062802396543263,0.1136596215391048,19,Psalms,19-124,0.2142857142857142,8
602,125,0.0254056736924017,-0.2940387899910757,19,Psalms,19-125,0.2105263157894736,5
603,126,0.1460963277633281,-0.0156465935017823,19,Psalms,19-126,0.2631578947368421,6
604,127,0.0467025490259659,-0.1363238116861501,19,Psalms,19-127,0.2413793103448276,5
605,128,0.0973914753107484,-0.1511865525538061,19,Psalms,19-128,0.2631578947368421,6
606,129,0.0697956196684966,-0.1220058398652248,19,Psalms,19-129,0.25,8
607,130,-0.0380466543220588,-0.1059840404547556,19,Psalms,19-130,0.2448979591836734,8
608,131,0.0038350361628976,-0.1324238419806752,19,Psalms,19-131,0.2702702702702703,3
609,132,0.1419897950160957,0.0298779804490045,19,Psalms,19-132,0.3294117647058823,18
610,133,0.1144916512414021,-0.0850492952456481,19,Psalms,19-133,0.2352941176470588,3
611,134,0.3239104438562175,-0.2127042817733295,19,Psalms,19-134,0.2903225806451613,3
612,135,0.3502198918454945,-0.1512013144276625,19,Psalms,19-135,0.2537313432835821,21
613,136,0.2381597571537828,-0.0201420010015527,19,Psalms,19-136,0.4299065420560747,26
614,137,0.1088223996792582,0.1215594723964527,19,Psalms,19-137,0.2040816326530612,9
615,138,0.1126352469352567,-0.1072596775086837,19,Psalms,19-138,0.296875,8
616,139,-0.2698387344160219,0.0146952530507103,19,Psalms,19-139,0.2558139534883721,24
617,140,-0.1346703052242213,-0.0577951130132153,19,Psalms,19-140,0.1653543307086614,13
618,141,-0.2159280147642782,-0.0520507540093055,19,Psalms,19-141,0.1318681318681318,10
619,142,-0.0885561401693121,-0.107303555236023,19,Psalms,19-142,0.3,7
620,143,-0.2588881250349056,-0.0793467648089753,19,Psalms,19-143,0.3066666666666666,12
621,144,0.027700866206242,-0.0049967928537745,19,Psalms,19-144,0.2195121951219512,15
622,145,0.1998337792865647,-0.1314250993758416,19,Psalms,19-145,0.2721518987341772,21
623,146,0.199674615774147,-0.1584926496784649,19,Psalms,19-146,0.2601626016260163,10
624,147,0.2672149461017607,-0.1239056994444391,19,Psalms,19-147,0.2878787878787879,20
625,148,0.391848815721313,0.0123362044250532,19,Psalms,19-148,0.2842105263157894,14
626,149,0.2465452204759031,0.1276897914145918,19,Psalms,19-149,0.3013698630136986,9
627,150,0.3440576758745735,0.0804553986286216,19,Psalms,19-150,0.328125,6
628,1,0.2977218483887566,-0.1961150620318066,20,Proverbs,20-1,0.2588235294117647,33
629,2,0.2228090914864989,-0.424091638353908,20,Proverbs,20-2,0.25,22
630,3,0.2990216397869447,-0.2115721555150664,20,Proverbs,20-3,0.2543103448275862,35
631,4,0.4812863784654437,-0.2230485472575787,20,Proverbs,20-4,0.2647058823529412,27
632,5,0.423143911999924,-0.0893692852333424,20,Proverbs,20-5,0.2533333333333333,23
633,6,0.2596612758125382,0.0637858794515567,20,Proverbs,20-6,0.1366459627329192,35
634,7,0.4720148997275086,-0.0082503245355029,20,Proverbs,20-7,0.2045454545454545,27
635,8,0.265908368016024,-0.1546148427606056,20,Proverbs,20-8,0.3011363636363636,36
636,9,0.187357320746357,0.0603628197443957,20,Proverbs,20-9,0.2717391304347826,18
637,10,-0.3784618540150992,-0.1689743002151241,20,Proverbs,20-10,0.238095238095238,32
638,11,-0.3478966161318464,-0.1783785205792815,20,Proverbs,20-11,0.1949685534591195,31
639,12,-0.3590159136422341,-0.1050184515671371,20,Proverbs,20-12,0.2026431718061674,28
640,13,-0.308897919151066,-0.0789964872347422,20,Proverbs,20-13,0.1963470319634703,25
641,14,-0.343786490494319,-0.11925308590159,20,Proverbs,20-14,0.2208588957055214,35
642,15,-0.267612460910949,-0.1486127956050444,20,Proverbs,20-15,0.2132867132867132,33
643,16,-0.2403891856210287,-0.0697801355764878,20,Proverbs,20-16,0.2213740458015267,33
644,17,-0.2223661919352554,0.1626661618759202,20,Proverbs,20-17,0.1975806451612903,28
645,18,-0.3005620796040653,0.1339550174247642,20,Proverbs,20-18,0.2409638554216867,24
646,19,-0.1784399404884806,0.0655281867306421,20,Proverbs,20-19,0.1950207468879668,29
647,20,-0.1355874364998747,0.2032284144958207,20,Proverbs,20-20,0.2240663900414937,30
648,21,-0.2822879927619082,-0.1369554498668035,20,Proverbs,20-21,0.2062780269058296,31
649,22,-0.0081896038924491,0.0107557504333869,20,Proverbs,20-22,0.2068965517241379,29
650,23,0.3532251244487527,0.1133917554291511,20,Proverbs,20-23,0.2072072072072072,35
651,24,0.062040788230955,-0.0817571504653213,20,Proverbs,20-24,0.2123893805309734,34
652,25,0.1869137311510916,0.3063877831129568,20,Proverbs,20-25,0.1949685534591195,28
653,26,-0.0615146641056116,0.4592883656014496,20,Proverbs,20-26,0.1024096385542168,28
654,27,0.018469048792503,0.3660504845569488,20,Proverbs,20-27,0.2233502538071066,27
655,28,-0.2450431876941472,-0.0132991119420807,20,Proverbs,20-28,0.221311475409836,28
656,29,-0.3200419263381259,-0.0049540983677106,20,Proverbs,20-29,0.2136752136752136,27
657,30,0.1441672685239295,0.320100608161305,20,Proverbs,20-30,0.2216494845360824,33
658,31,0.3263527677092319,0.147540215990836,20,Proverbs,20-31,0.2786885245901639,31
659,1,-0.0016800100111366,-0.3194736317190278,21,Ecclesiates,21-1,0.34375,18
660,2,-0.2972727861378141,-0.0789988050051956,21,Ecclesiates,21-2,0.2737430167597765,26
661,3,0.3378149223693856,0.6897608878748211,21,Ecclesiates,21-3,0.142156862745098,22
662,4,-0.3741646507756954,-0.1254190061473068,21,Ecclesiates,21-4,0.21875,17
663,5,0.0467350436909276,0.0031105009507238,21,Ecclesiates,21-5,0.1963470319634703,19
664,6,-0.1638080628009132,-0.0127529691761512,21,Ecclesiates,21-6,0.1720430107526881,12
665,7,-0.1624612606139968,-0.0232453842365454,21,Ecclesiates,21-7,0.2123893805309734,29
666,8,-0.0308795990562003,0.2996402098206253,21,Ecclesiates,21-8,0.1911764705882352,17
667,9,-0.2179073046139986,0.1344243191091137,21,Ecclesiates,21-9,0.2123893805309734,18
668,10,-0.1611562887888543,-0.04983538350971,21,Ecclesiates,21-10,0.19375,20
669,11,0.4769054236212848,-0.0550867700035318,21,Ecclesiates,21-11,0.2727272727272727,10
670,12,0.5478745731170112,-0.4621239679578151,21,Ecclesiates,21-12,0.1732283464566929,14
671,1,0.2219115676779001,-0.2889516431255549,22,Song of Songs,22-1,0.3809523809523809,17
672,2,-0.1576705868478509,0.2472518430150686,22,Song of Songs,22-2,0.28,17
673,3,0.6774742662079832,0.1809251481421994,22,Song of Songs,22-3,0.2549019607843137,11
674,4,-0.3914644168930818,-0.2634914545191584,22,Song of Songs,22-4,0.3409090909090909,16
675,5,-0.0363754233750208,0.5203523352677167,22,Song of Songs,22-5,0.3846153846153846,16
676,6,-0.3854422286606327,0.3033092157685875,22,Song of Songs,22-6,0.3454545454545454,13
677,7,-0.2373084851364192,-0.419727932752515,22,Song of Songs,22-7,0.2876712328767123,13
678,8,0.308875307027122,-0.2796675117963435,22,Song of Songs,22-8,0.2,14
679,1,-0.0845842750247747,0.024403218872035,23,Isaiah,23-1,0.2136752136752136,31
680,2,0.0802617031853029,-0.1391025180534693,23,Isaiah,23-2,0.2758620689655172,22
681,3,0.1139175901337243,-0.1707936264606824,23,Isaiah,23-3,0.2054794520547945,26
682,4,0.1400151833361065,-0.1355002229692734,23,Isaiah,23-4,0.2539682539682539,6
683,5,-0.0002237743967225,-0.1365068788868393,23,Isaiah,23-5,0.2,30
684,6,0.1789485492892393,0.0567389760983361,23,Isaiah,23-6,0.2,13
685,7,0.3239436989953307,0.179474621629197,23,Isaiah,23-7,0.2470588235294117,25
686,8,0.0918301172778559,0.1978063091581735,23,Isaiah,23-8,0.25,22
687,9,0.0420633917237633,-0.1542229181009884,23,Isaiah,23-9,0.2252747252747252,21
688,10,0.0719819467875843,-0.1087764273431861,23,Isaiah,23-10,0.1696750902527075,34
689,11,0.2418071841643303,-0.0951303616692257,23,Isaiah,23-11,0.3032258064516129,16
690,12,-0.1287394633664995,0.0624226243606394,23,Isaiah,23-12,0.2676056338028169,6
691,13,0.0740601678441448,-0.2186177962613666,23,Isaiah,23-13,0.1699029126213592,22
692,14,0.0448175209357194,-0.0294610338894385,23,Isaiah,23-14,0.2117117117117117,32
693,15,0.3081024246672825,-0.4137788077172772,23,Isaiah,23-15,0.1886792452830188,9
694,16,0.3138333151296446,-0.4099623798038863,23,Isaiah,23-16,0.2456140350877192,14
695,17,0.067769967795305,-0.1683199890217734,23,Isaiah,23-17,0.208,14
696,18,0.094312605819042,-0.1493215282871368,23,Isaiah,23-18,0.1864406779661017,7
697,19,0.2178246557975907,0.0710024805364351,23,Isaiah,23-19,0.2248803827751196,25
698,20,0.3891834341518522,0.2640364194311048,23,Isaiah,23-20,0.2424242424242424,6
699,21,0.0600488104041842,-0.0643849633975381,23,Isaiah,23-21,0.2295081967213114,17
700,22,0.21693693345975,-0.0271539699531974,23,Isaiah,23-22,0.1797235023041474,25
701,23,0.117943128471043,-0.094567667644833,23,Isaiah,23-23,0.2740740740740741,18
702,24,0.0283649045164155,-0.1819089080189114,23,Isaiah,23-24,0.1497797356828193,23
703,25,0.0730378712248252,-0.1791694966309157,23,Isaiah,23-25,0.1657142857142857,12
704,26,-0.11135459747989,-0.057859827000741,23,Isaiah,23-26,0.2252747252747252,21
705,27,0.0837313257387852,-0.08692872745614,23,Isaiah,23-27,0.1551724137931034,13
706,28,-0.0037101742618938,-0.1047777136513104,23,Isaiah,23-28,0.2064777327935222,29
707,29,-0.0983892436368862,-0.0267080797825538,23,Isaiah,23-29,0.2179487179487179,24
708,30,-0.0180466294447967,-0.0017082991717228,23,Isaiah,23-30,0.2208201892744479,33
709,31,0.0619721668581786,-0.0479821316013038,23,Isaiah,23-31,0.219047619047619,9
710,32,0.1312252814831273,-0.2078624818268857,23,Isaiah,23-32,0.2397260273972602,20
711,33,-0.0158440200366043,-0.1039242859747562,23,Isaiah,23-33,0.1948717948717948,24
712,34,0.0498405765588625,-0.194441368904883,23,Isaiah,23-34,0.1526717557251908,17
713,35,-0.0175078508213221,-0.1413379496199387,23,Isaiah,23-35,0.2427184466019417,10
714,36,0.4285145957252442,0.4994601806621061,23,Isaiah,23-36,0.3435582822085889,22
715,37,0.3068384743769762,0.4667028907083587,23,Isaiah,23-37,0.2215568862275449,38
716,38,0.2807941197683796,0.321719576418258,23,Isaiah,23-38,0.2011173184357542,22
717,39,0.430879428707834,0.4327268382646255,23,Isaiah,23-39,0.3265306122448979,8
718,40,-0.1998284744762216,0.006213701076989,23,Isaiah,23-40,0.2327586206896551,31
719,41,-0.2983582756642738,0.1456564919548091,23,Isaiah,23-41,0.2443181818181818,29
720,42,-0.2552740341616804,0.0846271168244585,23,Isaiah,23-42,0.2412060301507537,25
721,43,-0.335408729890249,0.1704776967434358,23,Isaiah,23-43,0.2165605095541401,28
722,44,-0.3230717206641336,0.1684153121822854,23,Isaiah,23-44,0.2780269058295964,28
723,45,-0.3219376655238402,0.1515667785302822,23,Isaiah,23-45,0.2549019607843137,25
724,46,-0.1803456524191033,0.1153697395638509,23,Isaiah,23-46,0.1948051948051948,13
725,47,-0.1522595077812225,0.0858046258097296,23,Isaiah,23-47,0.1964285714285714,15
726,48,-0.3005297126141013,0.1913225823532505,23,Isaiah,23-48,0.2746478873239437,22
727,49,-0.2422178670825902,0.1076459717216296,23,Isaiah,23-49,0.25,26
728,50,-0.1990852612432923,0.108198180211079,23,Isaiah,23-50,0.218978102189781,11
729,51,-0.1922064157201601,-0.0080670301610694,23,Isaiah,23-51,0.2037735849056604,23
730,52,-0.1446965573338629,0.0217237429012301,23,Isaiah,23-52,0.2388059701492537,15
731,53,-0.0067480424153844,-0.013306192984554,23,Isaiah,23-53,0.1403508771929824,12
732,54,-0.1567717896079685,0.0118271747687211,23,Isaiah,23-54,0.1897810218978102,17
733,55,-0.1894967440788149,0.0273771297236714,23,Isaiah,23-55,0.3092783505154639,13
734,56,-0.0915853638440666,0.0628060829443928,23,Isaiah,23-56,0.3176470588235294,12
735,57,-0.0905617390468572,-0.0305766357635375,23,Isaiah,23-57,0.1866666666666666,21
736,58,-0.1205781108148352,0.0547539444803878,23,Isaiah,23-58,0.2115384615384615,14
737,59,-0.1290709089997186,-0.0354119557735296,23,Isaiah,23-59,0.1359223300970873,21
738,60,-0.1154606812196576,-0.1023765021916332,23,Isaiah,23-60,0.29,22
739,61,-0.0663011708276953,-0.0585426423684362,23,Isaiah,23-61,0.2692307692307692,11
740,62,-0.0492689160344802,-0.0362149640583956,23,Isaiah,23-62,0.3529411764705882,12
741,63,-0.0395978484572949,-0.0261141762864949,23,Isaiah,23-63,0.2185430463576159,19
742,64,-0.1555942150827382,0.0088916781886339,23,Isaiah,23-64,0.1707317073170731,12
743,65,-0.0960709578054897,0.0145893324642588,23,Isaiah,23-65,0.1937984496124031,25
744,66,-0.1340746830483017,0.0470590401054611,23,Isaiah,23-66,0.1920731707317073,24
745,1,0.0433013393715088,-0.1777141790939654,24,Jeremiah,24-1,0.2642857142857143,19
746,2,-0.2459081872704654,-0.0014436223366003,24,Jeremiah,24-2,0.2211838006230529,37
747,3,-0.2470707783437137,-0.0203364288095557,24,Jeremiah,24-3,0.2184873949579832,25
748,4,-0.2874619852198485,0.1968904082225618,24,Jeremiah,24-4,0.212,31
749,5,-0.260062516561832,0.0376649135623548,24,Jeremiah,24-5,0.2022471910112359,31
750,6,-0.24728798425261,0.15194045560202,24,Jeremiah,24-6,0.1877394636015325,30
751,7,-0.1609208503760454,-0.1885548672256699,24,Jeremiah,24-7,0.1865079365079365,34
752,8,-0.2079426168202026,0.1305951245283116,24,Jeremiah,24-8,0.1802575107296137,22
753,9,-0.2684293791693024,0.1286665373372071,24,Jeremiah,24-9,0.205574912891986,26
754,10,-0.1881191834363144,0.1841354863985923,24,Jeremiah,24-10,0.1840796019900497,25
755,11,-0.1211838171181135,-0.2107269323939394,24,Jeremiah,24-11,0.1822222222222222,23
756,12,-0.2240863355058729,0.1640599243115558,24,Jeremiah,24-12,0.1726190476190476,17
757,13,-0.1018372209096267,-0.0160630099086501,24,Jeremiah,24-13,0.215,27
758,14,-0.1870280886980238,-0.0681448723869575,24,Jeremiah,24-14,0.188,22
759,15,-0.1674685437483195,0.0236694425769755,24,Jeremiah,24-15,0.1914893617021276,21
760,16,-0.2501122639368568,-0.0510411659122651,24,Jeremiah,24-16,0.211864406779661,21
761,17,-0.1393203696558099,0.0055264755402779,24,Jeremiah,24-17,0.2111553784860557,27
762,18,-0.1255001237511412,0.03932205279176,24,Jeremiah,24-18,0.1822916666666666,23
763,19,-0.0687565175042202,-0.11847286139293,24,Jeremiah,24-19,0.1692307692307692,15
764,20,-0.0335879854368871,-0.0442540573620874,24,Jeremiah,24-20,0.1556603773584905,18
765,21,0.1603738347532396,-0.1605067737611003,24,Jeremiah,24-21,0.1729729729729729,14
766,22,-0.0272739558742294,-0.0814081427583481,24,Jeremiah,24-22,0.1945525291828793,30
767,23,-0.2295304688109192,-0.1747771621517694,24,Jeremiah,24-23,0.2125984251968504,40
768,24,0.1223221311517658,0.0286371852303719,24,Jeremiah,24-24,0.225,10
769,25,-0.1117797172441984,-0.0646577201525884,24,Jeremiah,24-25,0.2031746031746031,38
770,26,0.1386181856431043,-0.2351638534309125,24,Jeremiah,24-26,0.1672727272727272,24
771,27,0.2713836102101269,-0.2228444576648806,24,Jeremiah,24-27,0.2857142857142857,22
772,28,0.2860502796463391,-0.2306481807668021,24,Jeremiah,24-28,0.2376237623762376,17
773,29,0.1053740085726508,-0.2168400878978993,24,Jeremiah,24-29,0.223728813559322,32
774,30,-0.2257631740065109,-0.0146691402249612,24,Jeremiah,24-30,0.1822033898305084,24
775,31,-0.2574829234417491,0.0106775885494139,24,Jeremiah,24-31,0.2470308788598574,40
776,32,0.1188420719914424,-0.1616940369564559,24,Jeremiah,24-32,0.2328767123287671,44
777,33,-0.1559219018032694,-0.1156721755137791,24,Jeremiah,24-33,0.2254545454545454,26
778,34,0.1458831335273616,-0.2150886362957789,24,Jeremiah,24-34,0.2901234567901234,22
779,35,0.1321538872167944,-0.0526987442740438,24,Jeremiah,24-35,0.2589285714285714,19
780,36,0.3707536504921589,-0.0847653213539769,24,Jeremiah,24-36,0.2755905511811024,32
781,37,0.4123783472412202,-0.184702386967368,24,Jeremiah,24-37,0.2564102564102564,21
782,38,0.4312310163903343,-0.1558217524343388,24,Jeremiah,24-38,0.2398190045248869,28
783,39,0.5238465374086666,0.0391476475328145,24,Jeremiah,24-39,0.2857142857142857,18
784,40,0.4752792820349402,0.5299475149102338,24,Jeremiah,24-40,0.3425925925925926,16
785,41,0.4731301399478329,0.6147702761328171,24,Jeremiah,24-41,0.1451612903225806,18
786,42,-0.0061648318038153,-0.0951606311801786,24,Jeremiah,24-42,0.2103448275862069,22
787,43,0.309992205612399,0.1382762921646804,24,Jeremiah,24-43,0.2520325203252032,13
788,44,-0.0800987454658368,-0.1536890577972905,24,Jeremiah,24-44,0.1965317919075144,30
789,45,0.1654783464920588,-0.0122846498237599,24,Jeremiah,24-45,0.1774193548387097,5
790,46,-0.0776582713830048,0.147893057391465,24,Jeremiah,24-46,0.2008547008547008,28
791,47,-0.001718576709038,0.2371054628297014,24,Jeremiah,24-47,0.21875,7
792,48,-0.0807882666400386,0.3389217202345068,24,Jeremiah,24-48,0.1312849162011173,47
793,49,-0.1791931897193207,0.1706611576456736,24,Jeremiah,24-49,0.1666666666666666,39
794,50,-0.156322233424631,0.1030381658466939,24,Jeremiah,24-50,0.195852534562212,46
795,51,-0.0566328152097789,0.1086009894338969,24,Jeremiah,24-51,0.17825311942959,64
796,52,0.4920218115476017,-0.0003029705450332,24,Jeremiah,24-52,0.312,34
797,1,-0.3818784879829826,0.0770163798446912,25,Lamentations,25-1,0.1683673469387755,22
798,2,-0.2442421716454312,0.1432961339605656,25,Lamentations,25-2,0.1941747572815534,22
799,3,-0.3121511044541712,-0.4895720250140236,25,Lamentations,25-3,0.1492063492063492,66
800,4,0.2428688939557715,0.6091353182404748,25,Lamentations,25-4,0.2093023255813953,22
801,5,0.6954028701268137,-0.3398758070317079,25,Lamentations,25-5,0.1458333333333333,22
802,1,0.2542545414446659,0.140118785989822,26,Ezekiel,26-1,0.3928571428571428,28
803,2,-0.0828259031207863,-0.1680526140689727,26,Ezekiel,26-2,0.073170731707317,10
804,3,-0.1660552060654681,-0.3313422470125805,26,Ezekiel,26-3,0.2060301507537688,27
805,4,0.010632293177362,-0.1133573903899945,26,Ezekiel,26-4,0.1119402985074626,17
806,5,-0.1920855757231505,-0.0638884878148766,26,Ezekiel,26-5,0.1144578313253012,17
807,6,-0.2066077506504293,-0.0533906724594487,26,Ezekiel,26-6,0.1242603550295858,14
808,7,-0.1695300216317865,-0.0326689901842237,26,Ezekiel,26-7,0.1636363636363636,27
809,8,0.1049744221987767,-0.1312679970262346,26,Ezekiel,26-8,0.1964285714285714,18
810,9,0.0711185891026617,-0.074431159100651,26,Ezekiel,26-9,0.2222222222222222,11
811,10,0.297942296364992,0.1241609523585093,26,Ezekiel,26-10,0.3623188405797101,22
812,11,-0.1403093469673617,-0.1209867590324781,26,Ezekiel,26-11,0.2256097560975609,25
813,12,-0.2198636737910242,-0.1739717958122334,26,Ezekiel,26-12,0.2533333333333333,28
814,13,-0.1560208623708898,-0.059216817249175,26,Ezekiel,26-13,0.1830357142857142,23
815,14,-0.2148781872207284,-0.1157522852550595,26,Ezekiel,26-14,0.1610486891385767,23
816,15,0.0060574003089856,0.1173444893290412,26,Ezekiel,26-15,0.1666666666666666,8
817,16,-0.0932835376897412,-0.0378943949564227,26,Ezekiel,26-16,0.2072649572649572,63
818,17,-0.019369810425402,0.3629682362372969,26,Ezekiel,26-17,0.2629107981220657,24
819,18,-0.1248134582607217,-0.3443806414691068,26,Ezekiel,26-18,0.1123919308357348,32
820,19,0.0957828645802724,0.3993342801295613,26,Ezekiel,26-19,0.2727272727272727,14
821,20,-0.2272891603021066,-0.1122794599831267,26,Ezekiel,26-20,0.2570694087403599,49
822,21,-0.2197030541529212,-0.0457844170439678,26,Ezekiel,26-21,0.1850393700787401,32
823,22,-0.2256273371410904,-0.09271665757605,26,Ezekiel,26-22,0.1751824817518248,31
824,23,-0.0785971730547774,0.01913145359378,26,Ezekiel,26-23,0.1448275862068965,49
825,24,-0.1506724297396852,-0.1108615849617121,26,Ezekiel,26-24,0.1926605504587156,27
826,25,-0.1783946343236966,-0.0059808043175783,26,Ezekiel,26-25,0.1986301369863013,17
827,26,-0.1438267858521382,0.319790982365097,26,Ezekiel,26-26,0.2244897959183673,21
828,27,-0.0150545949238926,0.3328843428983585,26,Ezekiel,26-27,0.3353658536585366,36
829,28,-0.1945197152226698,0.1030569250052843,26,Ezekiel,26-28,0.2052238805970149,26
830,29,-0.1902574135290407,0.2581600838064353,26,Ezekiel,26-29,0.2228915662650602,21
831,30,-0.1998959084633497,0.3433381413180312,26,Ezekiel,26-30,0.1778846153846154,26
832,31,0.0052599759971862,0.5334284664553051,26,Ezekiel,26-31,0.2692307692307692,18
833,32,-0.1858479853758044,0.3166534266733445,26,Ezekiel,26-32,0.2203389830508474,32
834,33,-0.2261097861510005,-0.3513694032148519,26,Ezekiel,26-33,0.1495601173020528,33
835,34,-0.0171099697476092,0.0207042093746971,26,Ezekiel,26-34,0.2247557003257329,31
836,35,-0.222137160664416,0.003768243655561,26,Ezekiel,26-35,0.1538461538461538,15
837,36,-0.2818239765844754,-0.0883113375620419,26,Ezekiel,26-36,0.2307692307692307,38
838,37,-0.136505165062894,-0.1238639572108432,26,Ezekiel,26-37,0.3266666666666666,28
839,38,-0.1681378890341296,0.0905331323985462,26,Ezekiel,26-38,0.2337662337662337,23
840,39,-0.1309958865523544,-0.0215619893882859,26,Ezekiel,26-39,0.2604166666666667,29
841,40,0.6796156736096551,-0.067032807621192,26,Ezekiel,26-40,0.1333333333333333,49
842,41,0.6787800025313119,-0.0076745708804764,26,Ezekiel,26-41,0.3181818181818182,26
843,42,0.6513909811761645,-0.0302882436119751,26,Ezekiel,26-42,0.3253012048192771,20
844,43,0.3464750005030937,-0.1680341028677707,26,Ezekiel,26-43,0.25,27
845,44,0.126260639647409,-0.2438433607924169,26,Ezekiel,26-44,0.2328767123287671,31
846,45,0.4436137081551087,-0.1580282542809984,26,Ezekiel,26-45,0.2953020134228188,25
847,46,0.3730687513486984,-0.1670271178221731,26,Ezekiel,26-46,0.2150537634408602,24
848,47,0.3052995870841781,0.1353608012814172,26,Ezekiel,26-47,0.3544303797468354,23
849,48,0.5276226325650226,-0.0054766319031696,26,Ezekiel,26-48,0.4096385542168674,35
850,1,-0.3327781466804956,0.2472621535226746,27,Daniel,27-1,0.3947368421052631,21
851,2,-0.3437719126663962,-0.2332045079376305,27,Daniel,27-2,0.3649025069637883,49
852,3,-0.3517384590395821,0.2130791773804224,27,Daniel,27-3,0.3203463203463203,30
853,4,-0.0929612431557921,-0.3754373994863288,27,Daniel,27-4,0.3362068965517241,37
854,5,-0.3836180403288271,-0.2102780341703644,27,Daniel,27-5,0.4368421052631579,30
855,6,-0.3756582332878968,0.199527436037585,27,Daniel,27-6,0.268,29
856,7,0.2310849355656972,-0.4309509738793265,27,Daniel,27-7,0.1944444444444444,28
857,8,0.44259709507111,-0.1999520624016313,27,Daniel,27-8,0.2356687898089172,27
858,9,0.2531194219467437,0.5671073958498409,27,Daniel,27-9,0.2225352112676056,27
859,10,0.2691943943815055,-0.0178004762464322,27,Daniel,27-10,0.2666666666666666,21
860,11,0.258419190312203,0.0999638156558252,27,Daniel,27-11,0.2821229050279329,45
861,12,0.4261109978817298,0.1406834756753668,27,Daniel,27-12,0.2432432432432432,13
862,1,0.6156735120298179,-0.0092019784667563,28,Hosea,28-1,0.2736842105263158,11
863,2,0.2949140156087811,-0.0314590650590762,28,Hosea,28-2,0.2550335570469799,23
864,3,0.533311616173871,-0.1946461453888266,28,Hosea,28-3,0.2631578947368421,5
865,4,-0.0855298776969963,0.1373065040917538,28,Hosea,28-4,0.2135922330097087,19
866,5,-0.2210543639378939,-0.0348370997444815,28,Hosea,28-5,0.1619047619047619,15
867,6,-0.0939095920642053,0.6157921676973768,28,Hosea,28-6,0.2553191489361702,11
868,7,-0.3267221334989984,-0.3343460969561448,28,Hosea,28-7,0.1120689655172413,16
869,8,-0.2270079691423142,-0.1000813246841002,28,Hosea,28-8,0.1704545454545454,14
870,9,-0.0808851045937117,-0.0078975652821709,28,Hosea,28-9,0.1770334928229665,17
871,10,-0.0584594535328861,0.4248819893107186,28,Hosea,28-10,0.1578947368421052,15
872,11,-0.1793901745198877,-0.4408679985470633,28,Hosea,28-11,0.203125,11
873,12,0.124111867317972,-0.0384433978663455,28,Hosea,28-12,0.1812080536912751,15
874,13,-0.1511648412034014,-0.0733069650109488,28,Hosea,28-13,0.1666666666666666,15
875,14,-0.1438875009401475,0.0871069759060653,28,Hosea,28-14,0.240506329113924,10
876,1,0.5970618703440489,-0.2832075252446005,29,Joel,29-1,0.1801242236024844,20
877,2,-0.0254142830475698,0.6059449518250316,29,Joel,29-2,0.2230483271375464,27
878,3,-0.5716475872964791,-0.3227374265804312,29,Joel,29-3,0.2352941176470588,26
879,1,0.6596533655977547,-0.1076345658187235,30,Amos,30-1,0.1904761904761904,15
880,2,0.5771550245131288,-0.0807170644482216,30,Amos,30-2,0.1307692307692307,16
881,3,-0.086719152519381,-0.2264254973892035,30,Amos,30-3,0.2357142857142857,15
882,4,-0.2207922363168896,-0.2725055743148093,30,Amos,30-4,0.1932773109243697,13
883,5,-0.2949337973593518,-0.0792164569063423,30,Amos,30-5,0.1787234042553191,27
884,6,-0.2924727213742762,-0.4362883087909325,30,Amos,30-6,0.180327868852459,14
885,7,0.0174496839952741,0.5163032864186057,30,Amos,30-7,0.282051282051282,17
886,8,-0.1756993806836403,0.4881184528832608,30,Amos,30-8,0.2,14
887,9,-0.1836407858526195,0.1983657283663673,30,Amos,30-9,0.1969696969696969,15
888,1,-0.0329265567502831,-0.150370908619706,32,Jonah,32-1,0.24375,16
889,2,0.7064135487245452,-0.1919124979264062,32,Jonah,32-2,0.2580645161290322,11
890,3,-0.5704892745852546,-0.3548145404330332,32,Jonah,32-3,0.1770833333333333,10
891,4,-0.1029977173890074,0.6970979469791455,32,Jonah,32-4,0.1652892561983471,11
892,1,0.3380665755863575,-0.1332443433667255,33,Micah,33-1,0.1636363636363636,16
893,2,-0.3159455379739608,-0.3591058022217098,33,Micah,33-2,0.1538461538461538,13
894,3,-0.4360715520881527,0.6398775082002569,33,Micah,33-3,0.1785714285714285,12
895,4,0.2383351231806456,-0.1124656887114342,33,Micah,33-4,0.2302631578947368,14
896,5,0.4829461688651321,0.387160883616959,33,Micah,33-5,0.2795698924731182,14
897,6,-0.4274214295043963,-0.1847477070755269,33,Micah,33-6,0.1968503937007874,16
898,7,0.1200906519343746,-0.2374748504418201,33,Micah,33-7,0.2037914691943128,20
899,1,0.7163771472411238,-0.1626246917547756,34,Nahum,34-1,0.1458333333333333,14
900,2,-0.2086252383088938,0.6655160839166097,34,Nahum,34-2,0.2293577981651376,14
901,3,-0.5077519089322297,-0.5028913921618341,34,Nahum,34-3,0.1526717557251908,19
902,1,-0.2317823550352754,0.6754693841683921,35,Habakkuk,35-1,0.2113821138211382,17
903,2,-0.4933117603086343,-0.5304806658340273,35,Habakkuk,35-2,0.1923076923076923,20
904,3,0.7250941153439097,-0.1449887183343646,35,Habakkuk,35-3,0.22,19
905,1,0.5986237241029488,-0.2803869663055642,36,Zephaniah,36-1,0.1592039800995024,18
906,2,-0.0391478448035508,0.6240602330648641,36,Zephaniah,36-2,0.2151898734177215,15
907,3,-0.5594758792993983,-0.3436732667593001,36,Zephaniah,36-3,0.1829787234042553,20
908,1,0.4292013803529066,4.455231296896585e-17,37,Haggai,37-1,0.3125,15
909,2,-0.4292013803529065,4.455231296896584e-17,37,Haggai,37-2,0.273224043715847,23
910,1,-0.3216442842942591,0.4001814302741888,38,Zechariah,38-1,0.196629213483146,17
911,2,-0.1847258749776726,-0.1461017370688121,38,Zechariah,38-2,0.3009708737864077,17
912,3,-0.0835545719615089,-0.222586028087553,38,Zechariah,38-3,0.2234042553191489,10
913,4,-0.4147173742729592,-0.2250665309019487,38,Zechariah,38-4,0.3125,14
914,5,-0.3387605391091535,-0.4666189607005165,38,Zechariah,38-5,0.144927536231884,11
915,6,-0.2490830723909256,-0.0703401585540125,38,Zechariah,38-6,0.2839506172839506,15
916,7,-0.2080994511612764,0.5477249526389786,38,Zechariah,38-7,0.2777777777777778,14
917,8,-0.0889149164846172,0.3959101102504698,38,Zechariah,38-8,0.2326530612244897,23
918,9,0.4513448576881647,-0.0023806922286045,38,Zechariah,38-9,0.2756410256410256,17
919,10,0.4773260897747014,-0.0227151764525297,38,Zechariah,38-10,0.2323232323232323,12
920,11,0.1978295490375888,-0.251052061766815,38,Zechariah,38-11,0.1549295774647887,17
921,12,0.3548948566873942,0.0459962274919437,38,Zechariah,38-12,0.205607476635514,14
922,13,0.1748709430700111,-0.0799069358599645,38,Zechariah,38-13,0.2444444444444444,9
923,14,0.2332337883945126,0.0969555609651763,38,Zechariah,38-14,0.2331288343558282,21
924,1,-0.274272189906658,0.1328018642535781,39,Malachi,39-1,0.2057142857142857,14
925,2,-0.4144271837593565,-0.5034105085132063,39,Malachi,39-2,0.2039800995024875,17
926,3,-0.0793213158844582,0.5391426894605957,39,Malachi,39-3,0.2094240837696335,18
927,4,0.7680206895504724,-0.1685340452009676,39,Malachi,39-4,0.1694915254237288,6
928,1,0.0325563664607986,0.7143173885727048,40,Matthew,40-1,0.2912621359223301,25
929,2,-0.0438954277633524,0.594758719781589,40,Matthew,40-2,0.2578125,23
930,3,0.0479523917319113,0.2705615010209205,40,Matthew,40-3,0.2830188679245283,17
931,4,-0.2196684974541678,0.0432143384135256,40,Matthew,40-4,0.1833333333333333,25
932,5,0.4773837778239304,-0.1371271939129492,40,Matthew,40-5,0.1794019933554817,48
933,6,0.4285324904393657,-0.0665692698192142,40,Matthew,40-6,0.2124352331606217,34
934,7,0.429492009011895,-0.0296490924399106,40,Matthew,40-7,0.1648936170212765,29
935,8,-0.310058814308258,-0.0585999792652008,40,Matthew,40-8,0.2097560975609756,34
936,9,-0.2852290938140447,-0.129670484067315,40,Matthew,40-9,0.2209302325581395,38
937,10,0.290118985041122,-0.0783645045903503,40,Matthew,40-10,0.193050193050193,42
938,11,0.191315920255686,-0.0178248773776183,40,Matthew,40-11,0.2097902097902098,30
939,12,0.0366481483681031,-0.167020369551424,40,Matthew,40-12,0.2034383954154728,50
940,13,0.0089397920366623,-0.0697338916463241,40,Matthew,40-13,0.2197802197802197,58
941,14,-0.3678979440034872,0.0841203794000689,40,Matthew,40-14,0.196078431372549,36
942,15,-0.1955420647150415,-0.1380814559173155,40,Matthew,40-15,0.1636363636363636,39
943,16,-0.011554485221105,-0.1492711895430085,40,Matthew,40-16,0.1574074074074074,28
944,17,-0.2535203881121225,-0.1444800689288555,40,Matthew,40-17,0.1818181818181818,27
945,18,0.2949682917238356,-0.1039797440554529,40,Matthew,40-18,0.1618497109826589,35
946,19,-0.0664826045788696,-0.1542336255705934,40,Matthew,40-19,0.2108843537414966,30
947,20,-0.0921907841395073,-0.1157923496277629,40,Matthew,40-20,0.2079207920792079,34
948,21,-0.2077740920810294,-0.0767190490222132,40,Matthew,40-21,0.1950207468879668,46
949,22,-0.1003744890612646,0.0112776788730704,40,Matthew,40-22,0.1951219512195122,46
950,23,0.4219846179743043,0.0311510713539554,40,Matthew,40-23,0.2253521126760563,39
951,24,0.1389284369592585,-0.0178330038846291,40,Matthew,40-24,0.1693121693121693,51
952,25,0.0705807482915928,0.0140723957914537,40,Matthew,40-25,0.205761316872428,46
953,26,-0.2368061851848681,-0.2150552797977423,40,Matthew,40-26,0.1577181208053691,75
954,27,-0.2909494721441161,-0.0167957314325218,40,Matthew,40-27,0.1830508474576271,66
955,28,-0.1874576335372319,0.1233276872431136,40,Matthew,40-28,0.1981981981981982,20
956,1,-0.2259623383277167,-0.0202493365209066,41,Mark,41-1,0.2260536398467433,45
957,2,-0.0396339390480329,-0.2954321137688158,41,Mark,41-2,0.2429906542056074,28
958,3,-0.2380310573639524,-0.1046584340557532,41,Mark,41-3,0.1401273885350318,35
959,4,0.1771378198176929,0.0780440434538849,41,Mark,41-4,0.3057851239669421,41
960,5,-0.2545863467640195,-0.0415427977603133,41,Mark,41-5,0.2036199095022624,43
961,6,-0.1722601078109324,0.0289484860681484,41,Mark,41-6,0.2177777777777777,56
962,7,0.0655426904740886,-0.3950585072158363,41,Mark,41-7,0.162037037037037,37
963,8,-0.010505384047471,-0.1093183626507992,41,Mark,41-8,0.1550387596899224,38
964,9,-0.0064945258653951,-0.1070835438398706,41,Mark,41-9,0.1682242990654205,50
965,10,-0.0231884177084204,-0.1054182856945602,41,Mark,41-10,0.2183908045977011,52
966,11,0.0561286271477914,0.1098403574919869,41,Mark,41-11,0.2097902097902098,33
967,12,0.0598250336447539,0.1256806906848603,41,Mark,41-12,0.2090592334494773,44
968,13,0.7048769086663078,0.0319414809400204,41,Mark,41-13,0.18796992481203,37
969,14,0.0688219512202356,-0.0516447320257065,41,Mark,41-14,0.160958904109589,72
970,15,-0.0463592363374104,0.392308400574645,41,Mark,41-15,0.1692307692307692,47
971,16,-0.1153116776975188,0.4636426543190166,41,Mark,41-16,0.1777777777777777,20
972,1,0.0843944800330171,0.3061035132232977,42,Luke,42-1,0.2598130841121495,80
973,2,-0.1071788433869779,0.3619221800891211,42,Luke,42-2,0.2553191489361702,52
974,3,0.8918416871694401,0.3339966851804409,42,Luke,42-3,0.2455089820359281,38
975,4,-0.1609439228431254,0.1711004400894166,42,Luke,42-4,0.2210526315789473,44
976,5,-0.1287934157518269,0.1284325799875391,42,Luke,42-5,0.2470588235294117,39
977,6,0.1635951547356479,-0.2606107418675636,42,Luke,42-6,0.2185089974293059,49
978,7,-0.1226971086783626,0.00133959478477,42,Luke,42-7,0.1958041958041958,50
979,8,-0.1787730617359575,0.0983496513272757,42,Luke,42-8,0.2127659574468085,56
980,9,-0.1627584601004522,0.0532391277929136,42,Luke,42-9,0.1741935483870967,62
981,10,-0.0065194334142639,-0.1083106215664509,42,Luke,42-10,0.2475728155339805,42
982,11,0.0977139804278959,-0.3503805447123481,42,Luke,42-11,0.1724137931034483,54
983,12,0.1501372637323255,-0.3344481757088439,42,Luke,42-12,0.2266288951841359,59
984,13,0.008581863516287,-0.20913275740857,42,Luke,42-13,0.1744186046511628,35
985,14,-0.0409650205354002,-0.224527153667101,42,Luke,42-14,0.1935483870967742,35
986,15,0.2081267569839086,0.0280559939548709,42,Luke,42-15,0.1822916666666666,32
987,16,0.0690192143221829,-0.2585846703757622,42,Luke,42-16,0.203883495145631,31
988,17,-0.0013382118210594,-0.0376954990069722,42,Luke,42-17,0.2462686567164179,37
989,18,-0.0894232640396423,-0.0253261002062667,42,Luke,42-18,0.1947565543071161,43
990,19,-0.1329529849116101,0.0239849070016736,42,Luke,42-19,0.1962616822429906,48
991,20,-0.0476763047229919,0.0174186089000152,42,Luke,42-20,0.1863636363636363,47
992,21,0.0658055767680551,-0.1005497805890143,42,Luke,42-21,0.1571428571428571,38
993,22,-0.1873708810920614,0.0335480955700127,42,Luke,42-22,0.1653846153846153,71
994,23,-0.1436172630566454,0.1360934122996694,42,Luke,42-23,0.1439393939393939,56
995,24,-0.2282078015983829,0.2159812549078761,42,Luke,42-24,0.1933333333333333,53
996,1,-0.1343519148530796,0.2988449300834648,43,John,43-1,0.298804780876494,51
997,2,-0.2700320754314938,0.0137838926519268,43,John,43-2,0.2666666666666666,25
998,3,0.0894493808800436,0.5335626276402926,43,John,43-3,0.2415094339622641,36
999,4,-0.1697191253349166,0.1104856432219976,43,John,43-4,0.2577777777777778,54
1000,5,0.1974324577355328,0.2791056504139178,43,John,43-5,0.2043010752688172,47
1001,6,-0.0820077922950287,0.008603576068634,43,John,43-6,0.2404580152671755,71
1002,7,-0.0693328311491224,0.1957904622228431,43,John,43-7,0.2407407407407407,53
1003,8,0.0227491793368579,0.0406478481517068,43,John,43-8,0.1904761904761904,59
1004,9,-0.119935947616768,0.2771622610467585,43,John,43-9,0.1934156378600823,41
1005,10,0.1294416918035416,0.1021984781681042,43,John,43-10,0.1666666666666666,42
1006,11,-0.2974466175826823,-0.0874310595070387,43,John,43-11,0.1985559566787003,57
1007,12,-0.0276825861365247,0.0953302917284234,43,John,43-12,0.1933962264150943,50
1008,13,-0.037345614538409,-0.28974553099279,43,John,43-13,0.296551724137931,38
1009,14,0.4933975993434967,-0.1633830413506161,43,John,43-14,0.3178807947019867,31
1010,15,0.5907808866440833,-0.2458384381866797,43,John,43-15,0.2330827067669172,27
1011,16,0.3734720665209682,-0.0695584657367581,43,John,43-16,0.2121212121212121,33
1012,17,0.5099185002221573,-0.1368351984416493,43,John,43-17,0.3185840707964602,26
1013,18,-0.3195865337690585,-0.211172783976333,43,John,43-18,0.25,40
1014,19,-0.3298948305281396,-0.1336868333722791,43,John,43-19,0.1297709923664122,42
1015,20,-0.2951323136047147,-0.2915229848242597,43,John,43-20,0.2568807339449541,31
1016,21,-0.2541735796467444,-0.3263413250096664,43,John,43-21,0.2814814814814815,25
1017,1,-0.2342587386998327,0.0349152513873984,44,Acts,44-1,0.2672413793103448,26
1018,2,-0.2392972330742857,0.1229194656808309,44,Acts,44-2,0.2409638554216867,47
1019,3,-0.267771556817744,0.2504360266464975,44,Acts,44-3,0.2682926829268293,26
1020,4,-0.2472794494317795,0.1541969699346376,44,Acts,44-4,0.2334801762114537,37
1021,5,-0.1298452915127957,0.1094918241466812,44,Acts,44-5,0.1851851851851851,42
1022,6,-0.1561670543523969,0.0150790448506129,44,Acts,44-6,0.3246753246753247,15
1023,7,-0.1058681895235466,0.156450775165107,44,Acts,44-7,0.2409326424870466,60
1024,8,-0.2638332533777725,0.0474774857294228,44,Acts,44-8,0.2684824902723735,40
1025,9,-0.0994142049327126,0.1612727013681415,44,Acts,44-9,0.1991150442477876,43
1026,10,-0.2519769282235756,0.1821228447862707,44,Acts,44-10,0.2592592592592592,48
1027,11,-0.3047636672034765,-0.0606266258898102,44,Acts,44-11,0.2840909090909091,30
1028,12,-0.1347001952694977,0.1115715234803684,44,Acts,44-12,0.195,25
1029,13,-0.1100687897042931,-0.0528090839737366,44,Acts,44-13,0.2697947214076246,52
1030,14,-0.0512925187867977,-0.3281259500933881,44,Acts,44-14,0.2285714285714285,28
1031,15,-0.0853404211964834,-0.2817889339439713,44,Acts,44-15,0.25,41
1032,16,0.0517056209943466,-0.2168151173728067,44,Acts,44-16,0.2439024390243902,40
1033,17,0.1136832730085729,-0.1957706512410043,44,Acts,44-17,0.2638888888888889,34
1034,18,0.1155037584550699,-0.2871807784747794,44,Acts,44-18,0.2515723270440251,28
1035,19,0.0873462395763279,-0.1614068773786655,44,Acts,44-19,0.2487562189054726,41
1036,20,0.0957588433258246,-0.2676202709862058,44,Acts,44-20,0.2256097560975609,38
1037,21,0.1438128964989718,-0.1904374752439046,44,Acts,44-21,0.2554347826086957,40
1038,22,0.1412857337879314,0.227370078361871,44,Acts,44-22,0.2138728323699422,30
1039,23,0.2997227317674976,0.0460348802626711,44,Acts,44-23,0.2242152466367713,35
1040,24,0.3852933292700714,0.2027053076030127,44,Acts,44-24,0.291970802919708,27
1041,25,0.561719616293831,0.3166220228542514,44,Acts,44-25,0.1875,27
1042,26,0.3392049116008732,0.3423515905660617,44,Acts,44-26,0.2192513368983957,32
1043,27,0.209022410889504,-0.33144875438797,44,Acts,44-27,0.2455516014234875,44
1044,28,0.137818126638168,-0.1069872738375946,44,Acts,44-28,0.1666666666666666,31
1045,1,-0.0813418989214181,0.0912729692434419,45,Romans,45-1,0.2314814814814814,32
1046,2,0.1691663961831392,0.1714451223528518,45,Romans,45-2,0.2290748898678414,29
1047,3,0.2160526727326039,0.3104734772468082,45,Romans,45-3,0.2132867132867132,31
1048,4,0.1942106240200494,0.4144949333544303,45,Romans,45-4,0.2605042016806723,25
1049,5,0.2472120512210474,-0.1654465264916322,45,Romans,45-5,0.1838709677419354,21
1050,6,0.4759573111621841,-0.3855266024486454,45,Romans,45-6,0.0912408759124087,23
1051,7,0.5042742315114885,-0.3281124734476215,45,Romans,45-7,0.1067615658362989,25
1052,8,0.1263343653798165,-0.1755783497723048,45,Romans,45-8,0.1951219512195122,39
1053,9,-0.0186506746890213,0.3610815789044195,45,Romans,45-9,0.2331838565022421,33
1054,10,-0.0582105057196416,0.4269031639228137,45,Romans,45-10,0.25,21
1055,11,-0.1670730628421424,0.2383368441808201,45,Romans,45-11,0.2808988764044944,36
1056,12,-0.3650838278962531,-0.299454658428362,45,Romans,45-12,0.2346938775510204,21
1057,13,-0.2769793815689993,-0.1623830070881397,45,Romans,45-13,0.1707317073170731,14
1058,14,-0.1603248979454339,-0.2321418367371218,45,Romans,45-14,0.2241379310344827,23
1059,15,-0.3269277595701692,-0.0279904019228792,45,Romans,45-15,0.286231884057971,33
1060,16,-0.4786156430572499,-0.2373742328688794,45,Romans,45-16,0.3203883495145631,27
1061,1,0.2927704309693091,-0.403221942340032,46,1 Corinthians,46-1,0.2724358974358974,31
1062,2,0.3784635984138569,-0.267936836421844,46,1 Corinthians,46-2,0.3529411764705882,16
1063,3,0.1756550781562848,-0.3279231761555911,46,1 Corinthians,46-3,0.2765957446808511,23
1064,4,0.1389535790521156,-0.1478034392282849,46,1 Corinthians,46-4,0.2549019607843137,21
1065,5,-0.3924900152044278,0.0819638327905619,46,1 Corinthians,46-5,0.1727272727272727,13
1066,6,-0.3135847027772095,-0.1587717510139656,46,1 Corinthians,46-6,0.2116788321167883,20
1067,7,-0.3532761003426536,0.209353545552578,46,1 Corinthians,46-7,0.2641509433962264,40
1068,8,0.2206758654874598,-0.0605027933069653,46,1 Corinthians,46-8,0.3027522935779816,13
1069,9,-0.1776664922318841,-0.0780314698237851,46,1 Corinthians,46-9,0.2048780487804878,27
1070,10,-0.2025671467850357,-0.0659018826624613,46,1 Corinthians,46-10,0.251063829787234,33
1071,11,-0.2958754823918036,0.0753441196151858,46,1 Corinthians,46-11,0.2285714285714285,34
1072,12,-0.1646224439516264,0.0399623689161762,46,1 Corinthians,46-12,0.3216783216783216,31
1073,13,0.4369200505073892,0.5968570968270934,46,1 Corinthians,46-13,0.3571428571428571,13
1074,14,0.095613617118483,0.2914727448454327,46,1 Corinthians,46-14,0.3405797101449275,40
1075,15,-0.0331116434105214,-0.1695488278128309,46,1 Corinthians,46-15,0.1508951406649616,58
1076,16,0.1941418073902633,0.3846884102187323,46,1 Corinthians,46-16,0.2743362831858407,24
1077,1,0.3228347653868522,0.1072823731195127,47,2 Corinthians,47-1,0.2446808510638297,24
1078,2,0.3163086302385355,-0.3165485892717098,47,2 Corinthians,47-2,0.1954887218045112,17
1079,3,0.0600818054772997,0.6404928176181413,47,2 Corinthians,47-3,0.2771084337349397,18
1080,4,0.2424060495796958,0.3584085986109828,47,2 Corinthians,47-4,0.2139303482587064,18
1081,5,0.058671248592377,0.1852848657554452,47,2 Corinthians,47-5,0.1961722488038277,21
1082,6,0.0581647270731006,-0.0037676213203849,47,2 Corinthians,47-6,0.2282608695652173,18
1083,7,0.5050537869801826,-0.2879703760688764,47,2 Corinthians,47-7,0.1889400921658986,16
1084,8,-0.0592156026114787,-0.2605885745850055,47,2 Corinthians,47-8,0.3378378378378378,24
1085,9,-0.0775359797925306,-0.347354131136957,47,2 Corinthians,47-9,0.2833333333333333,15
1086,10,-0.3798447937729087,0.01432122778092,47,2 Corinthians,47-10,0.2467532467532467,18
1087,11,-0.4467994257547186,0.0065470297570264,47,2 Corinthians,47-11,0.2209302325581395,33
1088,12,-0.3642293243699214,-0.1422020586484035,47,2 Corinthians,47-12,0.1744186046511628,21
1089,13,-0.2358958870264851,0.0460944383893083,47,2 Corinthians,47-13,0.2388059701492537,14
1090,1,0.3157513547410194,-0.4091068075929661,48,Galatians,48-1,0.2034883720930232,24
1091,2,0.0690974248406594,-0.5023391098502293,48,Galatians,48-2,0.2341772151898734,21
1092,3,0.0777835623694582,-0.0175505033617129,48,Galatians,48-3,0.1805054151624548,29
1093,4,0.5495187020994023,0.5985893950825892,48,Galatians,48-4,0.2156862745098039,31
1094,5,-0.4904128026267018,0.2777749236346598,48,Galatians,48-5,0.25,26
1095,6,-0.5217382414238375,0.0526321020876595,48,Galatians,48-6,0.2519685039370078,18
1096,1,0.3950755483341183,-0.0740432192312052,49,Ephesians,49-1,0.3091787439613526,23
1097,2,0.117033065925944,-0.4690426934954428,49,Ephesians,49-2,0.2864864864864865,22
1098,3,0.5269005897884735,0.121356565001008,49,Ephesians,49-3,0.3076923076923077,21
1099,4,-0.4279828985949496,-0.0389661210274246,49,Ephesians,49-4,0.2518796992481203,32
1100,5,-0.4641402844036848,-0.224413737985094,49,Ephesians,49-5,0.25,33
1101,6,-0.1468860210499018,0.6851092067381588,49,Ephesians,49-6,0.2162162162162162,24
1102,1,-0.161099908208985,-0.3944195062943839,50,Philippians,50-1,0.2348178137651821,30
1103,2,0.0068134526735753,-0.4030983031111236,50,Philippians,50-2,0.1955555555555555,30
1104,3,-0.4936194388405571,0.5059116322939351,50,Philippians,50-3,0.2131147540983606,21
1105,4,0.6479058943759672,0.2916061771115727,50,Philippians,50-4,0.3117647058823529,23
1106,1,-0.0495690306879001,-0.2829001292378515,51,Colossians,51-1,0.2867647058823529,29
1107,2,-0.4649818321604066,-0.3428232694295868,51,Colossians,51-2,0.25,23
1108,3,-0.2266716191479072,0.6583674050338001,51,Colossians,51-3,0.2407407407407407,25
1109,4,0.7412224819962139,-0.0326440063663612,51,Colossians,51-4,0.3243243243243243,18
1110,1,-0.2599389360860672,-0.4621963467783404,52,1 Thessalonians,52-1,0.2983870967741935,10
1111,2,-0.4335248619627859,0.0901907658137721,52,1 Thessalonians,52-2,0.2311320754716981,20
1112,3,-0.2373753622329655,0.2390018350157062,52,1 Thessalonians,52-3,0.2426470588235294,13
1113,4,0.5669982043023368,-0.3578604793014698,52,1 Thessalonians,52-4,0.2624113475177305,18
1114,5,0.3638409559794814,0.4908642252503323,52,1 Thessalonians,52-5,0.2307692307692307,28
1115,1,-0.4082952229925093,-0.4537332118168888,53,2 Thessalonians,53-1,0.2484848484848484,12
1116,2,-0.2298818281924277,0.5469896539511603,53,2 Thessalonians,53-2,0.2096069868995633,17
1117,3,0.6381770511849368,-0.0932564421342714,53,2 Thessalonians,53-3,0.2619047619047619,18
1118,1,-0.4339650600377763,0.0020481083831094,54,1 Timothy,54-1,0.247787610619469,20
1119,2,0.3158457134864138,0.7127142404386183,54,1 Timothy,54-2,0.2685185185185185,15
1120,3,0.5267768331968209,-0.2340500849502934,54,1 Timothy,54-3,0.1952662721893491,16
1121,4,-0.3043575894322158,-0.0614261859971752,54,1 Timothy,54-4,0.270440251572327,16
1122,5,0.2952008912761559,-0.413310375835953,54,1 Timothy,54-5,0.2307692307692307,25
1123,6,-0.3995007884893984,-0.0059757020383055,54,1 Timothy,54-6,0.2131782945736434,21
1124,1,-0.2223663568719814,0.6853083363944796,55,2 Timothy,55-1,0.2318181818181818,18
1125,2,0.1610564237190935,-0.2880923811047198,55,2 Timothy,55-2,0.2163461538461538,26
1126,3,0.62674095789193,-0.021649206925451,55,2 Timothy,55-3,0.1890243902439024,17
1127,4,-0.5654310247390419,-0.3755667483643087,55,2 Timothy,55-4,0.2330827067669172,22
1128,1,-0.4526552105588082,-0.464716011121929,56,Titus,56-1,0.2769230769230769,16
1129,2,-0.2168988740631018,0.5883094214880333,56,Titus,56-2,0.2608695652173913,15
1130,3,0.66955408462191,-0.1235934103661042,56,Titus,56-3,0.2204724409448819,15
1131,1,-0.1401941952266129,0.7617482601173127,58,Hebrews,58-1,0.24,14
1132,2,-0.062678224923735,0.2428771888854547,58,Hebrews,58-2,0.2058823529411764,18
1133,3,0.4813881361875639,-0.0866666054375168,58,Hebrews,58-3,0.2123893805309734,19
1134,4,0.5088191013264566,-0.0559316748203434,58,Hebrews,58-4,0.2868217054263566,16
1135,5,-0.25112726104078,0.132510127716582,58,Hebrews,58-5,0.2327586206896551,14
1136,6,0.1616027679821581,-0.0829874553962868,58,Hebrews,58-6,0.2601156069364161,20
1137,7,-0.2313849643978725,-0.1470319970379527,58,Hebrews,58-7,0.2365591397849462,28
1138,8,-0.4295324658842558,-0.1479384509714184,58,Hebrews,58-8,0.34375,13
1139,9,-0.3811124024224517,-0.3158711577145939,58,Hebrews,58-9,0.2660098522167488,28
1140,10,-0.0715262737612321,-0.2654166845646263,58,Hebrews,58-10,0.198501872659176,39
1141,11,0.1895398725401004,-0.043257875176067,58,Hebrews,58-11,0.1990632318501171,40
1142,12,0.1642380081328083,0.0944212955161299,58,Hebrews,58-12,0.160655737704918,29
1143,13,0.0619679014878536,-0.0864549711166735,58,Hebrews,58-13,0.2514619883040935,25
1144,1,-0.1681121716166436,0.3452374663144427,59,James,59-1,0.2389380530973451,27
1145,2,0.0308492419677042,-0.0029479644640278,59,James,59-2,0.2216748768472906,26
1146,3,-0.6160731429991395,-0.4427347830944224,59,James,59-3,0.2097902097902098,18
1147,4,0.1140648604320077,0.5309136541027516,59,James,59-4,0.1835443037974683,17
1148,5,0.639271212216071,-0.430468372858744,59,James,59-5,0.175438596491228,20
1149,1,-0.2499829433070768,-0.4381709899166646,60,1 Peter,60-1,0.3076923076923077,25
1150,2,-0.3219957068323379,-0.2321296909721299,60,1 Peter,60-2,0.2099236641221374,25
1151,3,-0.2453810301136006,0.6456120792469168,60,1 Peter,60-3,0.1843003412969283,22
1152,4,0.0860514125999037,0.0680567106675252,60,1 Peter,60-4,0.1696428571428571,19
1153,5,0.7313082676531119,-0.0433681090256477,60,1 Peter,60-5,0.2348484848484848,14
1154,1,-0.5988182507861077,-0.3492714830934642,61,2 Peter,61-1,0.292079207920792,21
1155,2,0.6223230465523467,-0.3111364523353749,61,2 Peter,61-2,0.1446808510638297,22
1156,3,-0.0235047957662389,0.660407935428839,61,2 Peter,61-3,0.2333333333333333,18
1157,1,0.7027351918215325,-0.3854900528135759,62,1 John,62-1,0.2714285714285714,10
1158,2,0.2817566056594407,0.5925869335072709,62,1 John,62-2,0.2613636363636363,29
1159,3,-0.2559641788732497,0.180666053619682,62,1 John,62-3,0.1886120996441281,24
1160,4,-0.3362280431974012,-0.0346531133212472,62,1 John,62-4,0.293040293040293,21
1161,5,-0.3922995754103221,-0.3531098209921297,62,1 John,62-5,0.1788321167883211,21
1162,1,0.2165558991779197,0.0961762467250102,66,Revelation,66-1,0.2463768115942029,20
1163,2,0.7002662712275598,-0.1536167300692036,66,Revelation,66-2,0.2081447963800905,29
1164,3,0.7200552319960465,-0.0204016176745506,66,Revelation,66-3,0.2539682539682539,22
1165,4,-0.0767441406287965,0.4922231281451,66,Revelation,66-4,0.3114754098360656,11
1166,5,-0.176689886153118,0.4050889836495682,66,Revelation,66-5,0.2222222222222222,14
1167,6,-0.181332966250578,-0.1014357446567677,66,Revelation,66-6,0.1134751773049645,17
1168,7,-0.1270724603310516,0.5511101136897003,66,Revelation,66-7,0.2464788732394366,17
1169,8,-0.293829687994253,-0.188146113841263,66,Revelation,66-8,0.2467532467532467,13
1170,9,-0.2283944347523119,-0.1905917273110037,66,Revelation,66-9,0.1081081081081081,21
1171,10,-0.0810896514568336,0.0797186440238712,66,Revelation,66-10,0.2325581395348837,11
1172,11,-0.1432440343061569,-0.1460586795801903,66,Revelation,66-11,0.1428571428571428,19
1173,12,-0.0993513169478362,-0.2987727408912802,66,Revelation,66-12,0.1666666666666666,17
1174,13,-0.0640691730719807,-0.2121904669576529,66,Revelation,66-13,0.1351351351351351,18
1175,14,-0.1560036209559607,-0.0287885128070077,66,Revelation,66-14,0.1906976744186046,20
1176,15,-0.0239536288696031,0.104941406853395,66,Revelation,66-15,0.2692307692307692,8
1177,16,-0.1624407822867324,-0.2493551569339025,66,Revelation,66-16,0.1504854368932038,21
1178,17,-0.0581721866397133,-0.2380706686656114,66,Revelation,66-17,0.1564625850340136,18
1179,18,-0.0133909015812235,-0.2463128274318671,66,Revelation,66-18,0.144578313253012,24
1180,19,-0.0726458533054742,-0.0283690248346702,66,Revelation,66-19,0.2250922509225092,21
1181,20,-0.0866367451381744,0.0383830447684506,66,Revelation,66-20,0.1240875912408759,15
1182,21,0.0582301485020384,0.2383773074930997,66,Revelation,66-21,0.2157894736842105,27
1183,22,0.349953919766234,0.0960911363067759,66,Revelation,66-22,0.2072072072072072,21
